Player,PlayerIOC,Surface,Matches,EloRank,Elo,EloRankSurface,Wins,Losses,WinPercentage,Titles,PointsWonPercentage,GamesWonPercentage,SetsWonPercentage,DecSets,DecSetWins,DecSetWinPercentage,TieBreaks,TieBreaksWon,TieBreaksWonPercentage,ServiceGamesWonPercentage,ReturnGamesWonPercentage,EloServeRank,EloServe,FirstServePercentage,FirstServeWonPercentage,SecondServeWonPercentage,ServicePointsWonPercentage,Aces,AcePercentage,AcesPerServiceGame,DoubleFaultPercentage,DoubleFaultsPerServiceGame,AcesPerDoubleFault,BreakPointsFacedPerServiceGame,BreakPointsSavedPercentage,EloReturnRank,EloReturn,FirstServeReturnPointsWonPercentage,SecondServeReturnPointsWonPercentage,ReturnPointsWonPercentage,AceAgainstPercentage,AcesAgainstPerReturnGame,BreakPointChancesPerReturnGame,BreakPointsConvertedPercentage
Iga Swiatek,POL,Clay,22,1,2192,1,21,1,0.95455,3,0.5747,0.66341,0.8913,4,3,0.75,3,3,1,0.82439,0.50244,1,1719,0.64137,0.68329,0.56846,0.64211,20,0.01488,0.09756,0.02902,0.19024,0.51282,0.60976,0.712,1,1686,0.45115,0.59699,0.50809,0.03456,0.22927,0.99024,0.50739
Iga Swiatek,POL,Grass,9,1,2192,12,7,2,0.77778,0,0.56618,0.61582,0.78947,3,2,0.66667,3,2,0.66667,0.85227,0.38202,1,1719,0.71402,0.72251,0.53595,0.66916,12,0.02243,0.13636,0.02056,0.125,1.09091,0.375,0.60606,1,1686,0.35294,0.62609,0.46655,0.04521,0.2809,0.67416,0.56667
Iga Swiatek,POL,Hard,56,1,2192,1,49,7,0.875,6,0.56676,0.6523,0.82645,12,7,0.58333,11,8,0.72727,0.79773,0.50291,1,1719,0.66068,0.68954,0.53812,0.63816,103,0.03135,0.19471,0.0283,0.1758,1.10753,0.50284,0.59774,1,1686,0.41134,0.63037,0.49928,0.04228,0.28544,0.96311,0.52218
Elena Rybakina,KAZ,Clay,12,2,2072,3,10,2,0.83333,1,0.53299,0.59375,0.77778,5,4,0.8,3,2,0.66667,0.82171,0.3622,3,1700,0.59954,0.70968,0.5,0.62571,62,0.07053,0.48062,0.03868,0.26357,1.82353,0.66667,0.73256,41,1574,0.35429,0.57099,0.43698,0.01649,0.11024,0.92913,0.38983
Elena Rybakina,KAZ,Grass,7,2,2072,5,5,2,0.71429,0,0.53906,0.56944,0.66667,3,1,0.33333,3,3,1,0.89041,0.23944,3,1700,0.62615,0.80586,0.49693,0.69037,57,0.13073,0.78082,0.0367,0.21918,3.5625,0.32877,0.66667,41,1574,0.33455,0.48649,0.39565,0.0587,0.38028,0.61972,0.38636
Elena Rybakina,KAZ,Hard,44,2,2072,2,33,11,0.75,2,0.53011,0.56854,0.67677,17,13,0.76471,16,7,0.4375,0.77895,0.35408,3,1700,0.59935,0.71885,0.48217,0.62403,287,0.09318,0.60421,0.03474,0.22526,2.68224,0.53263,0.58498,41,1574,0.36783,0.56559,0.44009,0.03984,0.27468,0.83047,0.42636
Aryna Sabalenka,BLR,Clay,20,3,2052,2,16,4,0.8,0,0.52305,0.56017,0.69388,10,7,0.7,8,5,0.625,0.78279,0.33193,4,1685,0.65271,0.70188,0.49351,0.62951,72,0.04639,0.29508,0.04188,0.26639,1.10769,0.53279,0.59231,29,1587,0.3665,0.51286,0.42211,0.03543,0.2437,0.7605,0.43646
Aryna Sabalenka,BLR,Grass,8,3,2052,9,6,2,0.75,0,0.54253,0.59146,0.72222,2,1,0.5,2,1,0.5,0.85542,0.32099,4,1685,0.62405,0.76147,0.49239,0.66031,55,0.10496,0.66265,0.04962,0.31325,2.11538,0.36145,0.6,29,1587,0.37791,0.51579,0.42697,0.04307,0.28395,0.81481,0.39394
Aryna Sabalenka,BLR,Hard,39,3,2052,3,29,10,0.74359,1,0.53976,0.58015,0.72727,10,4,0.4,11,9,0.81818,0.77193,0.38243,4,1685,0.60553,0.71833,0.48667,0.62695,226,0.08801,0.56642,0.06737,0.43358,1.30636,0.56892,0.59912,29,1587,0.37729,0.57283,0.45367,0.05037,0.3385,0.81395,0.46984
Coco Gauff,USA,Clay,15,4,2001,6,11,4,0.73333,0,0.54183,0.58806,0.64865,7,5,0.71429,4,1,0.25,0.66471,0.50909,20,1605,0.54919,0.70033,0.4246,0.57603,27,0.02415,0.15882,0.10197,0.67059,0.23684,0.73529,0.544,2,1662,0.45727,0.58222,0.50761,0.02059,0.13939,1.0303,0.49412
Coco Gauff,USA,Grass,7,4,2001,20,4,3,0.57143,0,0.50685,0.53846,0.6,1,0,0,0,0,,0.75758,0.3125,20,1605,0.61179,0.69076,0.48734,0.61179,39,0.09582,0.59091,0.03931,0.24242,2.4375,0.51515,0.52941,2,1662,0.35185,0.5,0.39899,0.03535,0.21875,0.625,0.5
Coco Gauff,USA,Hard,51,4,2001,4,42,9,0.82353,4,0.54325,0.60173,0.75214,15,11,0.73333,12,9,0.75,0.72881,0.46967,20,1605,0.59525,0.69747,0.45279,0.59844,192,0.05559,0.36158,0.06775,0.44068,0.82051,0.65913,0.58857,2,1662,0.4202,0.59427,0.48759,0.02161,0.14481,0.85519,0.5492
Danielle Collins,USA,Clay,19,5,1994,4,15,4,0.78947,1,0.5343,0.58242,0.73171,4,3,0.75,2,2,1,0.75401,0.40113,5,1648,0.5737,0.71825,0.46562,0.61055,68,0.05695,0.36364,0.06784,0.43316,0.83951,0.6631,0.62903,16,1602,0.3554,0.60699,0.45533,0.03469,0.22599,0.75141,0.53383
Danielle Collins,USA,Hard,39,5,1994,7,26,13,0.66667,1,0.52746,0.56466,0.66667,11,5,0.45455,7,4,0.57143,0.71717,0.40779,5,1648,0.57624,0.68812,0.46429,0.59327,124,0.04692,0.31313,0.06432,0.42929,0.72941,0.66162,0.57252,16,1602,0.37344,0.59465,0.45556,0.04051,0.25455,0.82338,0.49527
Jessica Pegula,USA,Clay,7,6,1980,10,5,2,0.71429,0,0.52358,0.52632,0.625,3,2,0.66667,3,2,0.66667,0.66667,0.38961,15,1616,0.60417,0.67241,0.43684,0.57917,17,0.03542,0.22667,0.02292,0.14667,1.54545,0.58667,0.43182,11,1609,0.4095,0.58209,0.47398,0.0223,0.15584,0.93506,0.41667
Jessica Pegula,USA,Grass,8,6,1980,24,6,2,0.75,0,0.54462,0.59524,0.68421,3,2,0.66667,1,0,0,0.77907,0.40244,15,1616,0.60189,0.67085,0.58294,0.63585,12,0.02264,0.13953,0.01887,0.11628,1.2,0.56977,0.61224,11,1609,0.34897,0.62963,0.45781,0.0395,0.26829,0.89024,0.45205
Jessica Pegula,USA,Hard,45,6,1980,5,33,12,0.73333,2,0.53152,0.5786,0.68317,14,10,0.71429,7,2,0.28571,0.72807,0.43043,15,1616,0.58163,0.68012,0.48455,0.5983,126,0.04286,0.27632,0.03605,0.23246,1.18868,0.63816,0.57388,11,1609,0.39244,0.58659,0.46728,0.03272,0.21739,0.88043,0.48889
Madison Keys,USA,Clay,16,7,1948,5,12,4,0.75,1,0.52304,0.56433,0.66667,7,5,0.71429,3,3,1,0.70588,0.42442,7,1645,0.64862,0.65064,0.46475,0.58532,56,0.05138,0.32941,0.03028,0.19412,1.69697,0.65294,0.54955,14,1604,0.38472,0.59132,0.46376,0.01747,0.11628,0.94767,0.44785
Madison Keys,USA,Grass,10,7,1948,4,9,1,0.9,1,0.54619,0.60101,0.85714,1,1,1,4,4,1,0.82178,0.37113,7,1645,0.71134,0.73499,0.41837,0.64359,37,0.05449,0.36634,0.02651,0.17822,2.05556,0.62376,0.71429,14,1604,0.39198,0.56,0.44807,0.01187,0.08247,0.73196,0.50704
Madison Keys,USA,Hard,20,7,1948,26,11,9,0.55,0,0.51641,0.5466,0.57143,4,2,0.5,6,2,0.33333,0.78392,0.30808,7,1645,0.66248,0.68116,0.49015,0.61669,67,0.04948,0.33668,0.03545,0.24121,1.39583,0.63819,0.66142,14,1604,0.33509,0.51948,0.41172,0.04395,0.28788,0.74747,0.41216
Qinwen Zheng,CHN,Clay,14,8,1912,23,10,4,0.71429,1,0.52935,0.57931,0.66667,6,4,0.66667,1,0,0,0.73793,0.42069,8,1641,0.48244,0.71734,0.48104,0.59504,65,0.06715,0.44828,0.05682,0.37931,1.18182,0.61379,0.57303,43,1574,0.39771,0.58644,0.45916,0.02428,0.15172,0.70345,0.59804
Qinwen Zheng,CHN,Hard,39,8,1912,8,27,12,0.69231,1,0.51442,0.53735,0.58065,16,15,0.9375,6,2,0.33333,0.72993,0.34845,8,1641,0.51793,0.743,0.4462,0.59992,254,0.09687,0.618,0.06941,0.44282,1.3956,0.63017,0.57143,43,1574,0.35925,0.55055,0.43396,0.02477,0.16468,0.7494,0.46497
Jelena Ostapenko,LAT,Clay,10,9,1899,27,6,4,0.6,0,0.49896,0.51442,0.56522,3,2,0.66667,1,1,1,0.58095,0.4466,57,1562,0.59915,0.6052,0.39223,0.51983,21,0.02975,0.2,0.05524,0.37143,0.53846,0.81905,0.48837,37,1576,0.44489,0.55172,0.4788,0.03146,0.2233,0.95146,0.46939
Jelena Ostapenko,LAT,Grass,10,9,1899,6,8,2,0.8,1,0.53106,0.5865,0.70833,5,4,0.8,3,1,0.33333,0.8,0.36752,57,1562,0.58507,0.71757,0.48673,0.62179,61,0.07466,0.50833,0.06242,0.425,1.19608,0.6,0.66667,37,1576,0.35833,0.55652,0.44121,0.06788,0.47863,0.77778,0.47253
Jelena Ostapenko,LAT,Hard,42,9,1899,15,28,14,0.66667,2,0.51422,0.53669,0.59223,21,14,0.66667,10,6,0.6,0.69151,0.37792,57,1562,0.57152,0.69411,0.42836,0.58024,172,0.0536,0.35611,0.06825,0.45342,0.78539,0.69979,0.55917,37,1576,0.35466,0.59514,0.44779,0.07432,0.50318,0.81529,0.46354
Marta Kostyuk,UKR,Clay,8,10,1893,46,4,4,0.5,0,0.47674,0.45604,0.42105,3,3,1,3,2,0.66667,0.57778,0.33696,73,1553,0.61009,0.6015,0.4,0.52294,6,0.00917,0.06667,0.09174,0.66667,0.1,0.91111,0.53659,20,1599,0.37084,0.52245,0.42925,0.02044,0.1413,0.82609,0.40789
Marta Kostyuk,UKR,Hard,36,10,1893,16,22,14,0.61111,0,0.50826,0.50965,0.57143,16,10,0.625,10,9,0.9,0.63824,0.38205,73,1553,0.57473,0.64187,0.44929,0.55997,113,0.04275,0.29199,0.07794,0.5323,0.54854,0.7907,0.54248,20,1599,0.38433,0.5746,0.45621,0.01371,0.09231,0.76667,0.49833
Maria Sakkari,GRE,Clay,11,11,1893,12,7,4,0.63636,0,0.53354,0.57286,0.63636,0,0,,2,1,0.5,0.75248,0.38776,11,1625,0.59271,0.66923,0.52985,0.61246,31,0.04711,0.30693,0.04559,0.29703,1.03333,0.63366,0.60938,55,1562,0.41898,0.52174,0.45227,0.02973,0.19388,0.7449,0.52055
Maria Sakkari,GRE,Grass,7,11,1893,44,4,3,0.57143,0,0.5209,0.55474,0.6,1,0,0,3,2,0.66667,0.75362,0.35294,11,1625,0.61969,0.66667,0.49239,0.60039,20,0.03861,0.28986,0.02703,0.2029,1.42857,0.91304,0.73016,55,1562,0.34437,0.59627,0.43197,0.04968,0.33824,0.83824,0.42105
Maria Sakkari,GRE,Hard,44,11,1893,9,27,17,0.61364,1,0.51474,0.53656,0.57732,12,7,0.58333,8,3,0.375,0.73719,0.33182,11,1625,0.59737,0.68359,0.47364,0.59906,137,0.04616,0.30512,0.05054,0.33408,0.91333,0.66147,0.60269,55,1562,0.35558,0.55039,0.43045,0.03873,0.26136,0.76591,0.43323
Marketa Vondrousova,CZE,Clay,12,12,1893,25,7,5,0.58333,0,0.51577,0.53077,0.53571,4,3,0.75,3,1,0.33333,0.64885,0.41085,46,1575,0.61124,0.63014,0.45846,0.5634,30,0.03589,0.22901,0.06579,0.41985,0.54545,0.73282,0.52083,3,1634,0.40182,0.58589,0.47032,0.01941,0.13178,0.85271,0.48182
Marketa Vondrousova,CZE,Grass,10,12,1893,10,9,1,0.9,1,0.53424,0.57277,0.80952,2,2,1,2,1,0.5,0.77358,0.37383,46,1575,0.63746,0.70853,0.5,0.63293,30,0.04532,0.28302,0.05287,0.33019,0.85714,0.56604,0.6,3,1634,0.41102,0.50746,0.44595,0.01216,0.08411,0.84112,0.44444
Marketa Vondrousova,CZE,Hard,28,12,1893,24,15,13,0.53571,0,0.51541,0.53902,0.55556,9,4,0.44444,5,0,0,0.63636,0.44203,46,1575,0.6305,0.62953,0.44513,0.56139,82,0.04683,0.29818,0.07539,0.48,0.62121,0.76727,0.52607,3,1634,0.41688,0.56233,0.47265,0.02124,0.14493,0.91304,0.48413
Mirra Andreeva,RUS,Clay,14,13,1885,16,9,5,0.64286,0,0.51967,0.5477,0.6129,3,2,0.66667,3,2,0.66667,0.6383,0.45775,34,1592,0.66486,0.60522,0.49191,0.56725,25,0.02711,0.1773,0.02603,0.17021,1.04167,0.76596,0.52778,4,1629,0.41135,0.57367,0.46999,0.02265,0.14085,0.8169,0.56034
Mirra Andreeva,RUS,Hard,19,13,1885,52,11,8,0.57895,0,0.51424,0.53728,0.57778,7,3,0.42857,1,1,1,0.7037,0.38,34,1592,0.63241,0.65125,0.47955,0.58814,40,0.03342,0.21164,0.0401,0.25397,0.83333,0.58201,0.49091,4,1629,0.36945,0.5596,0.44409,0.03648,0.23,0.8,0.475
Emma Navarro,USA,Clay,14,14,1880,99,7,7,0.5,0,0.51739,0.54135,0.51613,3,1,0.33333,2,1,0.5,0.69403,0.38636,35,1592,0.61055,0.63051,0.50432,0.58137,15,0.01684,0.11194,0.03816,0.25373,0.44118,0.6194,0.50602,22,1598,0.39226,0.57055,0.45543,0.025,0.17424,0.91667,0.42149
Emma Navarro,USA,Grass,5,14,1880,,3,2,0.6,0,0.50764,0.5,0.44444,0,0,,2,1,0.5,0.71111,0.27907,35,1592,0.65986,0.61856,0.57,0.60204,2,0.0068,0.04444,0.04082,0.26667,0.16667,0.71111,0.59375,22,1598,0.35385,0.53,0.41356,0.0339,0.23256,0.69767,0.4
Emma Navarro,USA,Hard,37,14,1880,10,25,12,0.67568,1,0.51379,0.5374,0.60638,20,13,0.65,6,3,0.5,0.66437,0.41014,35,1592,0.65154,0.61861,0.47915,0.57001,45,0.01595,0.10345,0.02694,0.17471,0.59211,0.70575,0.52443,22,1598,0.3951,0.56306,0.45924,0.0344,0.23041,0.82719,0.49582
Victoria Azarenka,BLR,Clay,10,15,1880,14,6,4,0.6,0,0.5219,0.56962,0.56,5,3,0.6,5,0,0,0.68067,0.45763,32,1594,0.68434,0.62148,0.44275,0.56506,10,0.01205,0.08403,0.05783,0.40336,0.20833,0.77311,0.58696,10,1617,0.41276,0.60142,0.47789,0.043,0.29661,1.01695,0.45
Victoria Azarenka,BLR,Grass,7,15,1880,29,4,3,0.57143,0,0.51462,0.53247,0.5625,2,1,0.5,2,1,0.5,0.78947,0.28205,32,1594,0.6797,0.66301,0.50581,0.61266,24,0.04469,0.31579,0.05959,0.42105,0.75,0.64474,0.67347,10,1617,0.33746,0.54217,0.40695,0.04499,0.28205,0.57692,0.48889
Victoria Azarenka,BLR,Hard,33,15,1880,11,20,13,0.60606,0,0.52384,0.55182,0.62162,10,6,0.6,7,4,0.57143,0.71304,0.38824,32,1594,0.62103,0.68509,0.44037,0.59235,110,0.04781,0.31884,0.0578,0.38551,0.82707,0.69565,0.5875,10,1617,0.37475,0.59762,0.45569,0.05102,0.34706,0.86765,0.44746
Linda Noskova,CZE,Clay,7,16,1875,140,3,4,0.42857,0,0.49071,0.46715,0.46667,2,0,0,1,1,1,0.61765,0.31884,12,1625,0.60752,0.6701,0.35106,0.54489,24,0.0501,0.35294,0.08142,0.57353,0.61538,0.85294,0.55172,115,1530,0.35227,0.55233,0.43119,0.04587,0.28986,0.62319,0.51163
Linda Noskova,CZE,Hard,37,16,1875,14,24,13,0.64865,0,0.50995,0.51819,0.59302,16,11,0.6875,9,7,0.77778,0.7193,0.31421,12,1625,0.599,0.6835,0.47087,0.59824,137,0.05247,0.34336,0.05975,0.39098,0.87821,0.66165,0.58333,115,1530,0.3522,0.52981,0.42174,0.06582,0.42893,0.72569,0.43986
Karolina Muchova,CZE,Clay,7,17,1865,7,6,1,0.85714,0,0.52866,0.55758,0.76471,3,2,0.66667,3,2,0.66667,0.6988,0.41463,9,1637,0.61731,0.62617,0.57789,0.60769,18,0.03462,0.21687,0.01731,0.10843,2,0.56627,0.46809,13,1607,0.42627,0.51456,0.45769,0.019,0.13415,0.85366,0.48571
Karolina Muchova,CZE,Hard,17,17,1865,6,13,4,0.76471,0,0.53012,0.56331,0.65,8,6,0.75,5,3,0.6,0.73711,0.3886,9,1637,0.62886,0.66871,0.48857,0.60185,49,0.03781,0.25258,0.04321,0.28866,0.875,0.65464,0.59843,13,1607,0.40741,0.52974,0.45827,0.02705,0.18135,0.79793,0.48701
Daria Kasatkina,RUS,Clay,17,18,1862,11,12,5,0.70588,0,0.51836,0.55145,0.63415,7,5,0.71429,6,3,0.5,0.56915,0.53403,167,1496,0.70988,0.58478,0.39894,0.53086,15,0.01157,0.07979,0.05247,0.3617,0.22059,0.86702,0.50307,8,1622,0.45892,0.59227,0.50607,0.01745,0.12042,1.02094,0.52308
Daria Kasatkina,RUS,Grass,9,18,1862,15,6,3,0.66667,0,0.53195,0.5814,0.63158,2,1,0.5,2,0,0,0.71429,0.45455,167,1496,0.76761,0.63303,0.40152,0.57923,13,0.02289,0.15476,0.0493,0.33333,0.46429,0.77381,0.63077,8,1622,0.42494,0.60914,0.48644,0.02712,0.18182,0.69318,0.65574
Daria Kasatkina,RUS,Hard,47,18,1862,29,31,16,0.65957,0,0.50507,0.51486,0.58416,14,10,0.71429,7,4,0.57143,0.60776,0.42469,167,1496,0.7083,0.59631,0.40833,0.54148,52,0.0158,0.11207,0.06199,0.43966,0.2549,0.92888,0.57773,8,1622,0.38928,0.59901,0.46787,0.02235,0.15063,0.90586,0.46882
Ons Jabeur,TUN,Clay,13,19,1843,8,8,5,0.61538,0,0.51836,0.54777,0.58824,8,4,0.5,3,1,0.33333,0.66879,0.42675,61,1560,0.56134,0.64735,0.47669,0.57249,56,0.05204,0.35669,0.03717,0.25478,1.4,0.80892,0.59055,51,1567,0.40367,0.56091,0.46279,0.01527,0.10191,0.87261,0.48905
Ons Jabeur,TUN,Grass,10,19,1843,2,7,3,0.7,0,0.53111,0.57277,0.6087,3,3,1,3,0,0,0.78095,0.37037,61,1560,0.50858,0.7546,0.50476,0.63183,42,0.06552,0.4,0.03588,0.21905,1.82609,0.44762,0.51064,51,1567,0.3652,0.54275,0.43575,0.03545,0.22222,0.72222,0.51282
Ons Jabeur,TUN,Hard,29,19,1843,37,16,13,0.55172,1,0.50013,0.49573,0.52459,7,5,0.71429,10,7,0.7,0.61724,0.37627,61,1560,0.55719,0.64396,0.43086,0.5496,86,0.04352,0.29655,0.03897,0.26552,1.11688,0.85862,0.55422,51,1567,0.38996,0.54404,0.45043,0.02389,0.15932,0.85085,0.44223
Jasmine Paolini,ITA,Clay,15,20,1842,49,9,6,0.6,0,0.52315,0.54412,0.56757,7,4,0.57143,5,2,0.4,0.67059,0.41765,88,1539,0.72329,0.62121,0.47195,0.57991,14,0.01279,0.08235,0.021,0.13529,0.6087,0.78824,0.58209,24,1594,0.4214,0.56091,0.46916,0.03562,0.24118,0.85294,0.48966
Jasmine Paolini,ITA,Hard,49,20,1842,31,32,17,0.65306,1,0.51032,0.51741,0.57944,14,10,0.71429,8,7,0.875,0.64844,0.38134,88,1539,0.68576,0.60495,0.48891,0.56848,55,0.01667,0.10742,0.02242,0.14453,0.74324,0.77148,0.5443,24,1594,0.38971,0.55528,0.45113,0.03885,0.25558,0.80527,0.47355
Anna Kalinskaya,RUS,Hard,28,21,1835,19,17,11,0.60714,0,0.51388,0.53997,0.62121,12,5,0.41667,7,3,0.42857,0.74183,0.33876,17,1612,0.68511,0.64832,0.50078,0.60186,58,0.0284,0.18954,0.04114,0.27451,0.69048,0.6634,0.61084,70,1551,0.34311,0.56301,0.42369,0.06526,0.42345,0.71987,0.47059
Beatriz Haddad Maia,BRA,Clay,16,22,1825,15,11,5,0.6875,0,0.51173,0.52547,0.61538,7,5,0.71429,4,2,0.5,0.62766,0.42162,31,1595,0.67574,0.61493,0.42963,0.55484,30,0.02402,0.15957,0.04083,0.27128,0.58824,0.81915,0.54545,84,1544,0.40704,0.57447,0.46919,0.0316,0.21622,0.88649,0.47561
Beatriz Haddad Maia,BRA,Grass,7,22,1825,11,4,3,0.57143,0,0.51635,0.52518,0.57143,3,3,1,1,1,1,0.78261,0.27143,31,1595,0.70883,0.70034,0.48361,0.63723,19,0.04535,0.27536,0.04296,0.26087,1.05556,0.47826,0.54545,84,1544,0.33667,0.53571,0.40812,0.06197,0.41429,0.64286,0.42222
Beatriz Haddad Maia,BRA,Hard,35,22,1825,43,19,16,0.54286,1,0.50717,0.51847,0.54118,15,7,0.46667,15,9,0.6,0.72236,0.31358,31,1595,0.68148,0.64,0.49004,0.59223,71,0.02651,0.17445,0.03547,0.23342,0.74737,0.67076,0.58608,84,1544,0.3667,0.5247,0.42464,0.04058,0.27654,0.70617,0.44406
Ekaterina Alexandrova,RUS,Clay,9,23,1824,68,3,6,0.33333,0,0.48569,0.48485,0.40909,4,1,0.25,2,1,0.5,0.62245,0.35,36,1591,0.5209,0.6361,0.43925,0.54179,21,0.03134,0.21429,0.08955,0.61224,0.35,0.82653,0.54321,158,1512,0.35567,0.53333,0.42857,0.03951,0.26,0.75,0.46667
Ekaterina Alexandrova,RUS,Grass,13,23,1824,7,11,2,0.84615,1,0.52556,0.55469,0.76923,2,2,1,6,5,0.83333,0.80315,0.31008,36,1591,0.57074,0.7479,0.47765,0.63189,63,0.07554,0.49606,0.07794,0.51181,0.96923,0.6063,0.67532,158,1512,0.34935,0.54723,0.42099,0.06014,0.39535,0.5969,0.51948
Ekaterina Alexandrova,RUS,Hard,38,23,1824,23,22,16,0.57895,0,0.50422,0.50716,0.54023,11,8,0.72727,16,10,0.625,0.69617,0.31905,36,1591,0.59378,0.69735,0.41513,0.58271,192,0.0686,0.45933,0.0861,0.57656,0.79668,0.72488,0.58086,158,1512,0.36657,0.52742,0.42486,0.0448,0.29524,0.67381,0.4735
Liudmila Samsonova,RUS,Clay,10,24,1819,65,5,5,0.5,0,0.50593,0.51316,0.48,5,3,0.6,1,0,0,0.65789,0.36842,43,1578,0.50193,0.70256,0.42636,0.56499,49,0.06306,0.42982,0.07593,0.51754,0.83051,0.84211,0.59375,75,1548,0.34325,0.58882,0.44399,0.03509,0.22807,0.7807,0.47191
Liudmila Samsonova,RUS,Grass,8,24,1819,54,4,4,0.5,0,0.50784,0.53125,0.5,3,2,0.66667,6,1,0.16667,0.76289,0.29474,43,1578,0.54148,0.71309,0.47368,0.60332,61,0.09201,0.62887,0.07692,0.52577,1.19608,0.56701,0.58182,75,1548,0.34989,0.53648,0.4142,0.04438,0.31579,0.71579,0.41176
Liudmila Samsonova,RUS,Hard,39,24,1819,30,23,16,0.58974,0,0.51015,0.51564,0.57955,12,5,0.41667,8,6,0.75,0.72,0.31078,43,1578,0.5314,0.71344,0.46817,0.59851,194,0.07614,0.485,0.0781,0.4975,0.97487,0.6175,0.54656,75,1548,0.34547,0.54115,0.42432,0.05032,0.33083,0.69424,0.44765
Belinda Bencic,SUI,Hard,13,25,1814,13,8,5,0.61538,0,0.50986,0.51812,0.55172,5,3,0.6,2,1,0.5,0.68116,0.35507,10,1630,0.57267,0.6553,0.46954,0.57592,31,0.03362,0.22464,0.0705,0.47101,0.47692,0.76087,0.58095,69,1552,0.36833,0.55725,0.44607,0.05131,0.35507,0.82609,0.42982
Barbora Krejcikova,CZE,Grass,7,26,1813,33,5,2,0.71429,0,0.53846,0.58268,0.76923,0,0,,1,0,0,0.84615,0.30645,28,1597,0.58519,0.74262,0.55952,0.66667,32,0.07901,0.49231,0.05432,0.33846,1.45455,0.38462,0.6,71,1550,0.38491,0.46309,0.41304,0.02657,0.17742,0.64516,0.475
Barbora Krejcikova,CZE,Hard,23,26,1813,12,14,9,0.6087,1,0.51413,0.52597,0.55769,8,5,0.625,1,0,0,0.6913,0.36207,28,1597,0.59629,0.68479,0.43443,0.58372,88,0.05824,0.38261,0.06287,0.41304,0.92632,0.65652,0.5298,71,1550,0.37695,0.5614,0.44553,0.03457,0.22845,0.76293,0.47458
Elina Svitolina,UKR,Clay,13,27,1812,21,8,5,0.61538,0,0.51385,0.53818,0.6,4,2,0.5,3,1,0.33333,0.63504,0.44203,26,1600,0.61905,0.6136,0.44186,0.54817,33,0.03654,0.24088,0.03987,0.26277,0.91667,0.78832,0.53704,25,1592,0.43564,0.56325,0.48081,0.01919,0.13043,0.97101,0.45522
Elina Svitolina,UKR,Grass,7,27,1812,21,5,2,0.71429,0,0.51034,0.50955,0.58824,3,3,1,3,2,0.66667,0.70886,0.30769,26,1600,0.63928,0.67712,0.47222,0.60321,28,0.05611,0.35443,0.03006,0.18987,1.86667,0.49367,0.41026,25,1592,0.33333,0.58333,0.42054,0.0407,0.26923,0.55128,0.55814
Elina Svitolina,UKR,Hard,22,27,1812,22,14,8,0.63636,0,0.5179,0.54167,0.64,8,4,0.5,6,4,0.66667,0.72727,0.34649,26,1600,0.61911,0.67442,0.47423,0.59817,79,0.0517,0.34199,0.03599,0.2381,1.43636,0.64069,0.56757,25,1592,0.37859,0.52405,0.43548,0.03629,0.23684,0.71491,0.48466
Katie Boulter,GBR,Grass,10,28,1811,19,7,3,0.7,1,0.52141,0.55172,0.66667,1,1,1,1,1,1,0.73529,0.36634,30,1596,0.6003,0.69307,0.46468,0.60178,44,0.06538,0.43137,0.05349,0.35294,1.22222,0.59804,0.55738,58,1559,0.3675,0.55039,0.43921,0.05927,0.38614,0.85149,0.43023
Katie Boulter,GBR,Hard,27,28,1811,34,17,10,0.62963,1,0.514,0.54234,0.57627,6,5,0.83333,6,3,0.5,0.73723,0.35231,30,1596,0.55798,0.70067,0.44284,0.5867,74,0.03936,0.27007,0.08245,0.56569,0.47742,0.73358,0.64179,58,1559,0.34907,0.57909,0.44088,0.04441,0.29537,0.72598,0.48529
Anastasia Pavlyuchenkova,RUS,Clay,11,29,1810,40,6,5,0.54545,0,0.51771,0.53992,0.53571,6,3,0.5,2,1,0.5,0.60305,0.47727,16,1613,0.62514,0.61624,0.42462,0.54441,20,0.02307,0.15267,0.07382,0.48855,0.3125,0.92366,0.57025,35,1581,0.41058,0.62388,0.49151,0.02152,0.14394,0.99242,0.48092
Anastasia Pavlyuchenkova,RUS,Hard,35,29,1810,20,21,14,0.6,0,0.51819,0.53258,0.59211,10,5,0.5,7,5,0.71429,0.73239,0.33048,16,1613,0.6368,0.67056,0.48616,0.60358,119,0.05201,0.33521,0.05726,0.36901,0.9084,0.64507,0.58515,35,1581,0.36948,0.53945,0.4363,0.05784,0.39316,0.78632,0.42029
Sorana Cirstea,ROU,Clay,8,30,1804,76,3,5,0.375,0,0.47459,0.45238,0.38889,2,1,0.5,2,1,0.5,0.52941,0.37349,72,1554,0.60208,0.58908,0.37826,0.50519,14,0.02422,0.16471,0.03633,0.24706,0.66667,0.96471,0.5122,66,1553,0.36335,0.56436,0.44084,0.02481,0.15663,0.80723,0.46269
Sorana Cirstea,ROU,Grass,6,30,1804,50,3,3,0.5,0,0.48902,0.46497,0.47059,5,3,0.6,2,2,1,0.65823,0.26923,72,1554,0.64935,0.65143,0.41799,0.56957,21,0.03896,0.26582,0.03154,0.21519,1.23529,0.75949,0.55,66,1553,0.32692,0.52551,0.40354,0.04724,0.30769,0.60256,0.44681
Sorana Cirstea,ROU,Hard,32,30,1804,27,17,15,0.53125,0,0.50522,0.50952,0.52703,10,5,0.5,8,4,0.5,0.68786,0.32641,72,1554,0.60742,0.64842,0.46906,0.57801,113,0.04817,0.32659,0.03325,0.22543,1.44872,0.72832,0.57143,66,1553,0.37408,0.53388,0.43241,0.0371,0.25816,0.81899,0.39855
Petra Kvitova,CZE,Grass,9,31,1803,1,8,1,0.88889,1,0.54333,0.60227,0.84211,1,1,1,3,2,0.66667,0.84444,0.34884,19,1608,0.63103,0.74317,0.5,0.65345,57,0.09828,0.63333,0.06897,0.44444,1.425,0.37778,0.58824,89,1543,0.34,0.57589,0.43206,0.06098,0.40698,0.74419,0.46875
Petra Kvitova,CZE,Hard,11,31,1803,17,6,5,0.54545,0,0.50634,0.5123,0.52,5,2,0.4,6,4,0.66667,0.6748,0.34711,19,1608,0.6097,0.66203,0.4472,0.57818,51,0.06182,0.41463,0.08606,0.57724,0.71831,0.78049,0.58333,89,1543,0.37074,0.53153,0.4351,0.03966,0.27273,0.75207,0.46154
Naomi Osaka,JPN,Clay,7,32,1799,41,4,3,0.57143,0,0.51595,0.53285,0.6,1,0,0,1,1,1,0.72464,0.33824,2,1704,0.52644,0.72052,0.47573,0.6046,37,0.08506,0.53623,0.02759,0.17391,3.08333,0.52174,0.47222,111,1532,0.34783,0.53684,0.42889,0.02935,0.19118,0.83824,0.40351
Naomi Osaka,JPN,Hard,14,32,1799,25,8,6,0.57143,0,0.5152,0.53025,0.55556,1,0,0,8,3,0.375,0.8169,0.23741,2,1704,0.54015,0.76171,0.52392,0.65237,107,0.11771,0.75352,0.0473,0.30282,2.48837,0.50704,0.63889,111,1532,0.29949,0.52339,0.38156,0.07931,0.53237,0.61871,0.38372
Caroline Garcia,FRA,Clay,10,33,1798,26,6,4,0.6,0,0.50882,0.51887,0.56522,3,2,0.66667,2,2,1,0.7619,0.28037,6,1647,0.59471,0.70617,0.49275,0.61968,67,0.09838,0.6381,0.04552,0.29524,2.16129,0.60952,0.60938,314,1449,0.34249,0.52091,0.40625,0.04348,0.29907,0.72897,0.38462
Caroline Garcia,FRA,Grass,9,33,1798,14,6,3,0.66667,0,0.51866,0.54359,0.68421,2,1,0.5,4,2,0.5,0.86869,0.20833,6,1647,0.61216,0.72577,0.5,0.63821,69,0.09986,0.69697,0.04631,0.32323,2.15625,0.56566,0.76786,314,1449,0.35172,0.47196,0.39137,0.07704,0.52083,0.60417,0.34483
Caroline Garcia,FRA,Hard,40,33,1798,35,20,20,0.5,0,0.4939,0.48867,0.49485,18,9,0.5,13,8,0.61538,0.75803,0.21522,6,1647,0.59405,0.70485,0.48268,0.61465,298,0.09748,0.63812,0.04383,0.28694,2.22388,0.59529,0.59353,314,1449,0.29881,0.48699,0.36792,0.05324,0.33913,0.54783,0.39286
Leylah Fernandez,CAN,Clay,8,34,1793,90,3,5,0.375,0,0.49537,0.47291,0.42857,5,2,0.4,1,1,1,0.66667,0.27723,45,1578,0.63128,0.64381,0.42424,0.56285,16,0.02235,0.15686,0.07682,0.53922,0.29091,0.86275,0.61364,83,1544,0.33251,0.55872,0.42504,0.0262,0.17822,0.78218,0.35443
Leylah Fernandez,CAN,Hard,41,34,1793,33,27,14,0.65854,1,0.51512,0.53828,0.64045,9,5,0.55556,9,7,0.77778,0.68852,0.38626,45,1578,0.65896,0.64652,0.45568,0.58144,98,0.03485,0.22951,0.06081,0.40047,0.5731,0.74707,0.58307,83,1544,0.37677,0.56877,0.44949,0.03837,0.25829,0.79384,0.48657
Anastasia Potapova,RUS,Clay,10,35,1793,36,5,5,0.5,0,0.49935,0.50667,0.5,4,2,0.5,2,0,0,0.63717,0.375,98,1533,0.5528,0.63915,0.44315,0.5515,27,0.0352,0.23894,0.06128,0.41593,0.57447,0.93805,0.61321,53,1566,0.35684,0.58632,0.44774,0.02581,0.17857,0.91071,0.41176
Anastasia Potapova,RUS,Grass,7,35,1793,27,5,2,0.71429,0,0.52125,0.52486,0.61111,4,3,0.75,2,1,0.5,0.70652,0.33708,98,1533,0.55668,0.69301,0.48473,0.60068,11,0.01861,0.11957,0.0643,0.41304,0.28947,0.67391,0.56452,53,1566,0.38596,0.54864,0.4497,0.01524,0.11236,0.92135,0.36585
Anastasia Potapova,RUS,Hard,27,35,1793,44,13,14,0.48148,0,0.48994,0.47423,0.47541,10,7,0.7,6,2,0.33333,0.59794,0.35052,98,1533,0.56922,0.62373,0.43001,0.54028,55,0.02653,0.189,0.06705,0.47766,0.39568,0.94502,0.57455,53,1566,0.36635,0.54508,0.4351,0.03416,0.22337,0.7457,0.47005
Emma Raducanu,GBR,Hard,10,36,1792,46,5,5,0.5,0,0.50434,0.5049,0.47619,3,1,0.33333,3,1,0.33333,0.66337,0.34951,37,1591,0.65714,0.63158,0.48246,0.58045,24,0.03609,0.23762,0.05564,0.36634,0.64865,0.78218,0.56962,21,1599,0.37418,0.53817,0.43394,0.05424,0.37864,0.8932,0.3913
Paula Badosa,ESP,Clay,8,37,1790,13,4,4,0.5,0,0.49925,0.50515,0.55,5,2,0.4,1,0,0,0.6701,0.34021,24,1601,0.5997,0.6325,0.47191,0.56822,18,0.02699,0.18557,0.07196,0.49485,0.375,0.90722,0.63636,47,1569,0.35356,0.53191,0.42965,0.03177,0.21649,0.83505,0.40741
Paula Badosa,ESP,Hard,11,37,1790,42,5,6,0.45455,0,0.50494,0.5087,0.48,5,3,0.6,0,0,,0.71304,0.30435,24,1601,0.5599,0.69144,0.45272,0.58638,53,0.06683,0.46087,0.06683,0.46087,1,0.90435,0.68269,47,1569,0.32773,0.584,0.41598,0.04132,0.26087,0.68696,0.44304
Diana Shnaider,RUS,Clay,13,38,1789,50,7,6,0.53846,0,0.50343,0.51986,0.53333,4,2,0.5,0,0,,0.67883,0.36429,38,1586,0.60177,0.65993,0.43611,0.5708,24,0.02655,0.17518,0.04757,0.31387,0.55814,0.77372,0.58491,54,1564,0.35957,0.54884,0.44186,0.0364,0.25714,0.92143,0.39535
Diana Shnaider,RUS,Hard,25,38,1789,61,15,10,0.6,1,0.50791,0.52138,0.53704,6,5,0.83333,4,2,0.5,0.66802,0.37295,38,1586,0.61068,0.62065,0.49917,0.57336,36,0.02317,0.14575,0.03604,0.22672,0.64286,0.62348,0.46753,54,1564,0.35615,0.59365,0.44458,0.03425,0.22541,0.77049,0.48404
Sloane Stephens,USA,Clay,17,39,1789,19,12,5,0.70588,1,0.52704,0.56325,0.61538,5,5,1,1,0,0,0.72289,0.40361,54,1564,0.76091,0.62963,0.48669,0.59545,12,0.01091,0.07229,0.01364,0.09036,0.8,0.62651,0.55769,61,1557,0.41114,0.55721,0.46194,0.0199,0.13855,0.93373,0.43226
Sloane Stephens,USA,Hard,31,39,1789,60,16,15,0.51613,0,0.49884,0.50077,0.52113,11,4,0.36364,4,2,0.5,0.64198,0.35913,54,1564,0.69921,0.58444,0.48841,0.55556,21,0.00976,0.06481,0.02975,0.19753,0.32812,0.82099,0.56391,61,1557,0.38421,0.53744,0.44265,0.02579,0.17337,0.82972,0.43284
Anhelina Kalinina,UKR,Clay,14,40,1787,22,8,6,0.57143,0,0.5041,0.49826,0.51613,5,3,0.6,3,1,0.33333,0.55862,0.43662,96,1534,0.65744,0.57566,0.46108,0.53641,16,0.01641,0.11034,0.03179,0.21379,0.51613,0.84828,0.47967,31,1586,0.41883,0.56233,0.47185,0.03275,0.22535,0.91549,0.47692
Anhelina Kalinina,UKR,Grass,7,40,1787,83,3,4,0.42857,0,0.48574,0.47333,0.5,2,0,0,1,0,0,0.66667,0.28,96,1534,0.57353,0.663,0.46305,0.57773,15,0.03151,0.2,0.04832,0.30667,0.65217,0.56,0.40476,31,1586,0.30945,0.53769,0.39921,0.05929,0.4,0.69333,0.40385
Anhelina Kalinina,UKR,Hard,37,40,1787,55,18,19,0.48649,0,0.49525,0.49364,0.47436,6,5,0.83333,12,5,0.41667,0.62963,0.35955,96,1534,0.63367,0.61816,0.43995,0.55288,51,0.02157,0.1453,0.05499,0.37037,0.39231,0.81197,0.54386,31,1586,0.36444,0.55716,0.43774,0.05741,0.38202,0.83989,0.42809
Yulia Putintseva,KAZ,Clay,16,41,1786,20,10,6,0.625,0,0.51466,0.53757,0.59459,6,3,0.5,3,1,0.33333,0.65896,0.41618,55,1563,0.7487,0.60995,0.43103,0.56499,16,0.01386,0.09249,0.026,0.17341,0.53333,0.82659,0.58741,50,1567,0.39974,0.5805,0.46622,0.01918,0.13295,0.86705,0.48
Yulia Putintseva,KAZ,Hard,34,41,1786,48,21,13,0.61765,0,0.51325,0.53441,0.59494,14,7,0.5,13,7,0.53846,0.68493,0.3883,55,1563,0.73475,0.60896,0.48411,0.57584,30,0.01204,0.08219,0.02006,0.13699,0.6,0.80548,0.60884,50,1567,0.38152,0.55807,0.45056,0.03014,0.19947,0.79787,0.48667
Elise Mertens,BEL,Clay,12,42,1775,31,7,5,0.58333,0,0.50901,0.53878,0.57143,4,2,0.5,2,1,0.5,0.6281,0.45161,85,1542,0.54005,0.65618,0.41953,0.54733,32,0.03883,0.26446,0.08981,0.61157,0.43243,0.91736,0.59459,56,1562,0.389,0.61594,0.46879,0.01911,0.12097,0.91129,0.49558
Elise Mertens,BEL,Hard,37,42,1775,40,21,16,0.56757,1,0.50646,0.51535,0.55952,11,5,0.45455,6,4,0.66667,0.64595,0.38786,85,1542,0.55402,0.669,0.44498,0.56909,122,0.05252,0.32973,0.0805,0.50541,0.65241,0.70811,0.5,56,1562,0.38712,0.5667,0.45112,0.0232,0.16095,0.87863,0.44144
Marie Bouzkova,CZE,Clay,6,43,1769,64,4,2,0.66667,0,0.52386,0.55118,0.61538,1,1,1,3,1,0.33333,0.74194,0.36923,78,1549,0.58005,0.672,0.48066,0.59165,16,0.03712,0.25806,0.058,0.40323,0.64,0.58065,0.55556,45,1573,0.34979,0.58738,0.4588,0.01782,0.12308,0.84615,0.43636
Marie Bouzkova,CZE,Grass,6,43,1769,38,3,3,0.5,0,0.51257,0.54795,0.53333,3,1,0.33333,3,1,0.33333,0.84,0.23944,78,1549,0.69053,0.66768,0.57823,0.64,12,0.02526,0.16,0.03158,0.2,0.8,0.37333,0.57143,45,1573,0.3125,0.49342,0.375,0.03636,0.22535,0.56338,0.425
Marie Bouzkova,CZE,Hard,34,43,1769,56,19,15,0.55882,0,0.51939,0.54586,0.56164,8,4,0.5,7,2,0.28571,0.66269,0.43109,78,1549,0.68733,0.64589,0.46647,0.58979,60,0.02735,0.1791,0.0278,0.18209,0.98361,0.79104,0.57358,45,1573,0.38604,0.55736,0.45126,0.01676,0.11144,0.87097,0.49495
Laura Siegemund,GER,Clay,10,44,1767,57,5,5,0.5,0,0.50205,0.48361,0.52,5,2,0.4,4,3,0.75,0.52893,0.43902,112,1525,0.75155,0.55702,0.41,0.5205,3,0.00373,0.02479,0.03727,0.24793,0.1,1.04132,0.54762,23,1597,0.41783,0.60241,0.48562,0.00664,0.04878,0.97561,0.45
Laura Siegemund,GER,Hard,20,44,1767,59,12,8,0.6,0,0.51062,0.53623,0.59091,8,6,0.75,4,2,0.5,0.65049,0.42308,112,1525,0.76079,0.58884,0.45858,0.55768,14,0.00991,0.06796,0.03822,0.26214,0.25926,0.87379,0.6,23,1597,0.39518,0.56554,0.46188,0.02713,0.17788,0.81731,0.51765
Lesia Tsurenko,UKR,Clay,8,45,1764,35,4,4,0.5,0,0.50835,0.52846,0.61538,2,1,0.5,1,1,1,0.60656,0.45161,218,1474,0.69882,0.59596,0.39062,0.53412,3,0.00706,0.04918,0.04706,0.32787,0.15,0.81967,0.52,9,1619,0.45059,0.53125,0.48184,0.02906,0.19355,0.74194,0.6087
Lesia Tsurenko,UKR,Hard,25,45,1764,47,14,11,0.56,0,0.50381,0.5074,0.58491,7,3,0.42857,2,2,1,0.54661,0.46835,218,1474,0.67059,0.56238,0.43849,0.52157,1,0.00065,0.00424,0.06078,0.39407,0.01075,0.91102,0.50233,9,1619,0.40904,0.60401,0.48705,0.02528,0.173,1.04219,0.44939
Veronika Kudermetova,RUS,Clay,8,46,1763,30,3,5,0.375,0,0.48108,0.46199,0.38889,2,1,0.5,2,1,0.5,0.58824,0.33721,64,1559,0.61444,0.61032,0.41553,0.53521,24,0.04225,0.28235,0.03169,0.21176,1.33333,0.75294,0.45312,141,1519,0.33913,0.5736,0.42435,0.0369,0.23256,0.56977,0.59184
Veronika Kudermetova,RUS,Grass,10,46,1763,13,7,3,0.7,0,0.54159,0.60116,0.77778,1,0,0,3,2,0.66667,0.87356,0.32558,64,1559,0.63729,0.76064,0.46729,0.65424,58,0.09831,0.66667,0.03729,0.25287,2.63636,0.48276,0.7381,141,1519,0.32326,0.56652,0.42376,0.04078,0.26744,0.72093,0.45161
Veronika Kudermetova,RUS,Hard,29,46,1763,51,13,16,0.44828,1,0.50203,0.49445,0.41791,9,7,0.77778,9,3,0.33333,0.67846,0.31562,64,1559,0.59206,0.66303,0.47567,0.5866,128,0.06352,0.41158,0.03921,0.25402,1.62025,0.66881,0.51923,141,1519,0.3581,0.52998,0.42385,0.03073,0.20938,0.70938,0.44493
Yue Yuan,CHN,Clay,6,47,1763,232,2,4,0.33333,0,0.49045,0.44681,0.4,3,1,0.33333,3,2,0.66667,0.60563,0.28571,114,1525,0.61961,0.59177,0.48969,0.55294,9,0.01765,0.12676,0.02157,0.15493,0.81818,0.84507,0.53333,86,1544,0.37126,0.54305,0.42474,0.02474,0.17143,0.72857,0.39216
Yue Yuan,CHN,Hard,34,47,1763,39,21,13,0.61765,1,0.51343,0.52934,0.59259,14,7,0.5,14,8,0.57143,0.67513,0.38205,114,1525,0.59015,0.64056,0.48429,0.57652,88,0.03333,0.22335,0.01932,0.12944,1.72549,0.72335,0.55088,86,1544,0.38917,0.56929,0.45383,0.03865,0.27692,0.9,0.4245
Karolina Pliskova,CZE,Hard,28,48,1762,28,15,13,0.53571,1,0.50935,0.53052,0.55882,14,6,0.42857,12,5,0.41667,0.73585,0.3271,25,1601,0.64758,0.70328,0.40498,0.59815,229,0.10577,0.72013,0.07298,0.49686,1.44937,0.73899,0.64255,132,1522,0.34365,0.52879,0.41829,0.054,0.35514,0.74766,0.4375
Katerina Siniakova,CZE,Clay,6,49,1758,52,2,4,0.33333,0,0.47606,0.4537,0.33333,0,0,,2,0,0,0.49057,0.41818,124,1519,0.64655,0.56889,0.36585,0.49713,7,0.02011,0.13208,0.06609,0.43396,0.30435,0.83019,0.38636,27,1588,0.43548,0.5,0.4558,0.02486,0.16364,0.8,0.52273
Katerina Siniakova,CZE,Grass,8,49,1758,26,6,2,0.75,1,0.51538,0.5625,0.70588,1,1,1,1,1,1,0.725,0.4,124,1519,0.60496,0.67192,0.45894,0.58779,16,0.03053,0.2,0.0687,0.45,0.44444,0.6,0.54167,27,1588,0.35673,0.5942,0.44627,0.03643,0.25,0.925,0.43243
Katerina Siniakova,CZE,Hard,37,49,1758,49,19,18,0.51351,1,0.49903,0.50193,0.54878,12,3,0.25,6,5,0.83333,0.60417,0.40253,124,1519,0.61689,0.60362,0.44699,0.54361,76,0.03027,0.19792,0.07766,0.50781,0.38974,0.77344,0.48822,27,1588,0.38545,0.57884,0.45641,0.02893,0.19241,0.93924,0.42857
Donna Vekic,CRO,Clay,7,50,1756,75,2,5,0.28571,0,0.492,0.49032,0.41176,3,0,0,1,0,0,0.65385,0.32468,22,1604,0.54786,0.65428,0.45495,0.56415,23,0.04684,0.29487,0.06925,0.4359,0.67647,0.76923,0.55,156,1513,0.39039,0.48295,0.4224,0.03929,0.25974,0.64935,0.5
Donna Vekic,CRO,Grass,10,50,1756,18,7,3,0.7,0,0.51655,0.53636,0.6087,3,3,1,4,2,0.5,0.76147,0.31532,22,1604,0.58217,0.71053,0.48333,0.6156,38,0.05292,0.34862,0.06128,0.40367,0.86364,0.55963,0.57377,156,1513,0.33983,0.55556,0.4194,0.04918,0.32432,0.68468,0.46053
Donna Vekic,CRO,Hard,27,50,1756,45,12,15,0.44444,0,0.49963,0.50163,0.46032,11,6,0.54545,10,3,0.3,0.66775,0.33443,22,1604,0.56949,0.67772,0.41732,0.56562,115,0.05569,0.37459,0.06828,0.45928,0.8156,0.75244,0.55844,156,1513,0.34906,0.5604,0.43258,0.05758,0.38361,0.75082,0.44541
Xin Yu Wang,CHN,Clay,9,51,1755,171,5,4,0.55556,0,0.48217,0.46734,0.52381,3,2,0.66667,3,3,1,0.56122,0.37624,58,1561,0.59552,0.5589,0.46494,0.5209,20,0.02985,0.20408,0.04478,0.30612,0.66667,1,0.56122,100,1537,0.38717,0.54286,0.44672,0.02596,0.18812,0.9703,0.38776
Xin Yu Wang,CHN,Hard,38,51,1755,64,21,17,0.55263,0,0.50401,0.51852,0.53933,16,7,0.4375,12,4,0.33333,0.68519,0.35185,58,1561,0.61037,0.63085,0.49321,0.57722,89,0.03138,0.20602,0.04337,0.28472,0.72358,0.6875,0.54209,100,1537,0.36445,0.53989,0.43255,0.02994,0.20139,0.7662,0.45921
Brenda Fruhvirtova,CZE,Hard,6,52,1755,95,3,3,0.5,0,0.48204,0.47321,0.5,1,1,1,1,0,0,0.60714,0.33929,81,1547,0.61765,0.63203,0.38462,0.53743,7,0.01872,0.125,0.07487,0.5,0.25,0.71429,0.45,33,1581,0.33484,0.57364,0.42286,0.04857,0.30357,0.875,0.38776
Clara Burel,FRA,Clay,16,53,1753,45,9,7,0.5625,0,0.50328,0.50696,0.52632,7,4,0.57143,6,2,0.33333,0.60335,0.41111,163,1499,0.58738,0.60744,0.43725,0.53722,26,0.02104,0.14525,0.0534,0.36872,0.39394,0.86034,0.53896,17,1602,0.4382,0.52868,0.46839,0.01498,0.1,0.75556,0.54412
Clara Burel,FRA,Hard,23,53,1753,53,13,10,0.56522,0,0.50515,0.52905,0.56604,7,3,0.42857,4,1,0.25,0.58921,0.46888,163,1499,0.54075,0.61244,0.43099,0.52911,57,0.03687,0.23651,0.0705,0.45228,0.52294,0.75104,0.45304,17,1602,0.42549,0.58615,0.48282,0.01808,0.12448,0.95436,0.4913
Sara Bejlek,CZE,Clay,5,54,1747,42,3,2,0.6,0,0.50685,0.51087,0.54545,1,1,1,0,0,,0.56522,0.45652,49,1569,0.6947,0.57399,0.40816,0.52336,1,0.00312,0.02174,0.04984,0.34783,0.0625,1,0.56522,18,1602,0.46222,0.54955,0.49107,0.01488,0.1087,1.26087,0.36207
Sara Sorribes Tormo,ESP,Clay,22,55,1741,29,15,7,0.68182,0,0.51544,0.54072,0.64583,6,3,0.5,5,4,0.8,0.55455,0.52703,224,1474,0.73671,0.55634,0.39901,0.51492,10,0.00649,0.04545,0.04799,0.33636,0.13514,0.96818,0.53991,7,1623,0.45905,0.63333,0.516,0.00545,0.03604,0.94144,0.55981
Sara Sorribes Tormo,ESP,Hard,23,55,1741,90,11,12,0.47826,1,0.499,0.50325,0.48,6,3,0.5,5,1,0.2,0.56579,0.44206,224,1474,0.69536,0.56673,0.40839,0.51849,22,0.01479,0.09649,0.06187,0.40351,0.23913,0.79386,0.45304,7,1623,0.44033,0.55083,0.47984,0.02578,0.16738,0.85837,0.515
Camila Osorio,COL,Clay,16,56,1739,33,11,5,0.6875,1,0.5089,0.51695,0.59459,6,5,0.83333,6,4,0.66667,0.5419,0.49143,217,1474,0.66036,0.57534,0.42615,0.52467,9,0.0074,0.05028,0.07484,0.50838,0.0989,0.92737,0.50602,30,1587,0.44075,0.58,0.49292,0.01332,0.09143,0.99429,0.49425
Camila Osorio,COL,Hard,15,56,1739,99,7,8,0.46667,0,0.49818,0.5,0.5,3,1,0.33333,3,1,0.33333,0.55782,0.44218,217,1474,0.62741,0.58414,0.42507,0.52487,15,0.01523,0.10204,0.07817,0.52381,0.19481,0.90476,0.51128,30,1587,0.39929,0.5756,0.47015,0.02985,0.19048,0.89116,0.49618
Storm Hunter,AUS,Clay,5,57,1737,114,2,3,0.4,0,0.5053,0.50781,0.46667,5,2,0.4,1,0,0,0.625,0.39062,89,1539,0.66121,0.59364,0.48276,0.55607,5,0.01168,0.07812,0.02103,0.14062,0.55556,0.82812,0.54717,130,1522,0.37295,0.56497,0.45368,0.05938,0.39062,0.92188,0.42373
Storm Hunter,AUS,Hard,10,57,1737,65,5,5,0.5,0,0.48936,0.47739,0.47619,2,1,0.5,1,1,1,0.64646,0.31,89,1539,0.6448,0.60546,0.47748,0.56,13,0.0208,0.13131,0.0352,0.22222,0.59091,0.67677,0.47761,130,1522,0.37471,0.51675,0.42081,0.03727,0.24,0.68,0.45588
Taylor Townsend,USA,Clay,7,58,1736,88,2,5,0.28571,0,0.48672,0.43885,0.46667,3,0,0,1,1,1,0.65217,0.22857,14,1619,0.67202,0.62799,0.47552,0.57798,35,0.08028,0.50725,0.03211,0.2029,2.5,0.73913,0.52941,155,1514,0.33642,0.53591,0.40792,0.0396,0.28571,0.77143,0.2963
Taylor Townsend,USA,Hard,16,58,1736,57,9,7,0.5625,0,0.51043,0.51842,0.5641,7,3,0.42857,8,6,0.75,0.7619,0.27749,14,1619,0.68131,0.67257,0.5027,0.61843,72,0.06202,0.38095,0.02842,0.1746,2.18182,0.53968,0.55882,155,1514,0.34777,0.5219,0.41635,0.04576,0.31937,0.77487,0.35811
Peyton Stearns,USA,Clay,10,59,1734,17,7,3,0.7,1,0.51776,0.53361,0.61538,6,4,0.66667,5,3,0.6,0.61157,0.45299,67,1557,0.73918,0.5538,0.54709,0.55205,9,0.01053,0.07438,0.02456,0.17355,0.42857,0.79339,0.51042,26,1590,0.42164,0.6,0.48139,0.02357,0.16239,0.88034,0.51456
Peyton Stearns,USA,Hard,24,59,1734,100,8,16,0.33333,0,0.49281,0.47826,0.43103,11,1,0.09091,8,3,0.375,0.61786,0.33456,67,1557,0.63599,0.59837,0.46307,0.54912,64,0.03309,0.22857,0.04912,0.33929,0.67368,0.9,0.5754,26,1590,0.3489,0.56581,0.43069,0.05647,0.36397,0.73897,0.45274
Elena Gabriela Ruse,ROU,Hard,8,60,1733,58,5,3,0.625,0,0.51493,0.51176,0.57895,3,2,0.66667,2,2,1,0.57831,0.44828,101,1531,0.64559,0.61721,0.41622,0.54598,12,0.02299,0.14458,0.03831,0.24096,0.6,0.84337,0.5,40,1575,0.42609,0.57563,0.48714,0.03602,0.24138,0.82759,0.54167
Clara Tauson,DEN,Clay,5,61,1730,43,3,2,0.6,0,0.5165,0.53333,0.58333,2,1,0.5,0,0,,0.61538,0.45283,39,1581,0.57429,0.64179,0.4094,0.54286,13,0.03714,0.25,0.06,0.40385,0.61905,0.76923,0.5,64,1556,0.42917,0.62617,0.48991,0.02017,0.13208,0.84906,0.53333
Clara Tauson,DEN,Hard,20,61,1730,70,9,11,0.45,0,0.496,0.49878,0.51111,7,3,0.42857,4,2,0.5,0.68137,0.31884,39,1581,0.59287,0.66496,0.45624,0.57998,78,0.05914,0.38235,0.05762,0.37255,1.02632,0.67647,0.52899,64,1556,0.32342,0.55332,0.41104,0.03911,0.24638,0.69082,0.46154
Bernarda Pera,USA,Clay,11,62,1730,24,6,5,0.54545,0,0.49875,0.46983,0.52,3,2,0.66667,4,4,1,0.55172,0.38793,133,1515,0.62822,0.58594,0.45215,0.5362,27,0.03313,0.23276,0.05767,0.40517,0.57447,0.94828,0.52727,105,1534,0.38298,0.57367,0.46008,0.02915,0.19828,0.88793,0.43689
Bernarda Pera,USA,Hard,16,62,1730,77,4,12,0.25,0,0.46733,0.41622,0.325,8,3,0.375,3,2,0.66667,0.56593,0.27128,133,1515,0.63265,0.59097,0.41778,0.52735,51,0.04163,0.28022,0.07429,0.5,0.56044,0.9011,0.51829,105,1534,0.33417,0.53586,0.40945,0.05984,0.40426,0.77128,0.35172
Magda Linette,POL,Clay,16,63,1728,39,10,6,0.625,0,0.51605,0.52909,0.6,8,4,0.5,3,2,0.66667,0.7377,0.31461,60,1560,0.58568,0.68559,0.50823,0.61211,55,0.04689,0.30055,0.03581,0.22951,1.30952,0.65574,0.6,127,1523,0.35349,0.53571,0.41924,0.02577,0.16854,0.62921,0.5
Magda Linette,POL,Grass,7,63,1728,86,4,3,0.57143,0,0.49353,0.48026,0.5,2,2,1,1,0,0,0.7013,0.25333,60,1560,0.69941,0.64326,0.43137,0.57957,18,0.03536,0.23377,0.03143,0.20779,1.125,0.66234,0.54902,127,1523,0.33876,0.51323,0.40524,0.03226,0.21333,0.61333,0.41304
Magda Linette,POL,Hard,31,63,1728,92,10,21,0.32258,0,0.48615,0.47612,0.39437,12,2,0.16667,13,4,0.30769,0.625,0.32399,60,1560,0.66031,0.59302,0.46214,0.54856,74,0.03282,0.22561,0.02306,0.15854,1.42308,0.82622,0.54613,127,1523,0.35873,0.53931,0.42383,0.02923,0.20561,0.80062,0.40467
Camila Giorgi,ITA,Grass,8,64,1727,32,4,4,0.5,0,0.50424,0.50867,0.52941,2,0,0,4,2,0.5,0.625,0.38824,80,1547,0.50615,0.66667,0.43772,0.5536,31,0.05448,0.35227,0.13005,0.84091,0.41892,0.76136,0.50746,85,1544,0.36883,0.61161,0.45813,0.04598,0.32941,0.82353,0.47143
Camila Giorgi,ITA,Hard,14,64,1727,54,6,8,0.42857,0,0.48323,0.47143,0.46875,4,1,0.25,0,0,,0.65734,0.27737,80,1547,0.55466,0.67518,0.41364,0.5587,39,0.03947,0.27273,0.08907,0.61538,0.44318,0.9021,0.62016,85,1544,0.27677,0.5589,0.39651,0.07907,0.49635,0.64964,0.42697
Magdalena Frech,POL,Clay,8,65,1727,80,3,5,0.375,0,0.47718,0.44295,0.41176,1,0,0,1,1,1,0.52703,0.36,82,1544,0.62552,0.55853,0.44134,0.51464,11,0.02301,0.14865,0.0272,0.17568,0.84615,0.78378,0.39655,218,1491,0.32103,0.5907,0.44033,0.02881,0.18667,0.85333,0.42188
Magdalena Frech,POL,Grass,7,65,1727,53,4,3,0.57143,0,0.50733,0.52299,0.55556,4,2,0.5,2,1,0.5,0.74713,0.29885,82,1544,0.66553,0.65128,0.47449,0.59215,31,0.0529,0.35632,0.02218,0.14943,2.38462,0.72414,0.65079,218,1491,0.33626,0.54545,0.42059,0.05236,0.34483,0.71264,0.41935
Magdalena Frech,POL,Hard,27,65,1727,88,9,18,0.33333,0,0.48714,0.4624,0.39706,14,5,0.35714,8,4,0.5,0.63259,0.29167,82,1544,0.64286,0.61333,0.44933,0.55476,72,0.03429,0.23003,0.02571,0.17252,1.33333,0.76997,0.52282,218,1491,0.33781,0.5603,0.42068,0.03276,0.22436,0.77885,0.37449
Xiyu Wang,CHN,Clay,6,66,1725,81,2,4,0.33333,0,0.47071,0.44286,0.35714,2,1,0.5,4,2,0.5,0.67143,0.21429,33,1593,0.69661,0.59026,0.48684,0.55888,13,0.02595,0.18571,0.04391,0.31429,0.59091,0.78571,0.58182,191,1502,0.32381,0.48276,0.38037,0.03885,0.27143,0.64286,0.33333
Xiyu Wang,CHN,Grass,5,66,1725,106,1,4,0.2,0,0.49259,0.48361,0.33333,2,0,0,3,0,0,0.77049,0.19672,33,1593,0.70707,0.7,0.43966,0.62374,30,0.07576,0.4918,0.04293,0.27869,1.76471,0.70492,0.67442,191,1502,0.26054,0.54902,0.36715,0.07005,0.47541,0.62295,0.31579
Xiyu Wang,CHN,Hard,33,66,1725,67,16,17,0.48485,1,0.50932,0.51492,0.50633,14,5,0.35714,15,6,0.4,0.72868,0.29948,33,1593,0.63548,0.68418,0.46219,0.60326,150,0.05823,0.3876,0.06134,0.40827,0.94937,0.70801,0.61679,191,1502,0.32884,0.54979,0.41333,0.02737,0.17969,0.67448,0.44402
Katie Volynets,USA,Clay,5,67,1724,137,2,3,0.4,0,0.47541,0.41905,0.41667,2,1,0.5,3,2,0.66667,0.51923,0.32075,145,1508,0.7733,0.53746,0.42222,0.51134,3,0.00756,0.05769,0.02267,0.17308,0.33333,1.11538,0.56897,42,1574,0.37692,0.55882,0.43939,0.02273,0.16981,0.98113,0.32692
Katie Volynets,USA,Hard,14,67,1724,63,7,7,0.5,0,0.50066,0.51335,0.52778,8,3,0.375,4,1,0.25,0.65476,0.37278,145,1508,0.76083,0.59312,0.4566,0.56047,18,0.01625,0.10714,0.02256,0.14881,0.72,0.72619,0.52459,42,1574,0.39892,0.52225,0.44397,0.0231,0.15976,0.85207,0.4375
Irina Camelia Begu,ROU,Clay,9,68,1723,28,6,3,0.66667,0,0.51878,0.55215,0.58824,1,1,1,3,1,0.33333,0.7,0.40964,75,1553,0.681,0.65,0.41573,0.57527,15,0.02688,0.1875,0.06452,0.45,0.41667,0.9125,0.67123,62,1557,0.39233,0.57014,0.4625,0.01964,0.13253,0.80723,0.50746
Ashlyn Krueger,USA,Clay,6,69,1721,138,3,3,0.5,0,0.51084,0.5,0.53846,1,0,0,2,1,0.5,0.61017,0.38983,59,1561,0.6359,0.61694,0.45775,0.55897,16,0.04103,0.27119,0.05897,0.38983,0.69565,0.86441,0.54902,80,1547,0.40288,0.58025,0.46818,0.01136,0.08475,0.91525,0.42593
Ashlyn Krueger,USA,Hard,20,69,1721,83,8,12,0.4,1,0.49627,0.4814,0.43478,6,2,0.33333,2,2,1,0.68664,0.2723,59,1561,0.63966,0.65939,0.43992,0.58031,62,0.0433,0.28571,0.05866,0.3871,0.7381,0.78341,0.6,80,1547,0.33684,0.55142,0.41678,0.04161,0.29577,0.81221,0.33526
Jaqueline Cristian,ROU,Clay,9,70,1719,47,6,3,0.66667,0,0.52128,0.54795,0.6,7,4,0.57143,1,1,1,0.67273,0.42202,51,1568,0.56183,0.66986,0.46012,0.57796,21,0.02823,0.19091,0.0457,0.30909,0.61765,0.9,0.63636,106,1534,0.39479,0.57525,0.46579,0.03289,0.22936,0.94495,0.4466
Jaqueline Cristian,ROU,Hard,17,70,1719,148,10,7,0.58824,0,0.50949,0.52174,0.58537,7,3,0.42857,4,1,0.25,0.70968,0.32967,51,1568,0.58003,0.70128,0.42829,0.58663,50,0.04125,0.26882,0.0462,0.30108,0.89286,0.64516,0.55,106,1534,0.37983,0.53545,0.43234,0.02805,0.18681,0.72527,0.45455
Alina Korneeva,RUS,Hard,5,71,1718,69,2,3,0.4,0,0.47515,0.43519,0.33333,2,2,1,0,0,,0.58182,0.28302,100,1531,0.56433,0.58031,0.47651,0.53509,16,0.04678,0.29091,0.03801,0.23636,1.23077,0.81818,0.48889,72,1550,0.34956,0.5431,0.4152,0.02632,0.16981,0.5283,0.53571
Angelique Kerber,GER,Clay,5,72,1713,32,3,2,0.6,0,0.5191,0.55294,0.6,0,0,,1,1,1,0.65909,0.43902,79,1548,0.6633,0.62437,0.43,0.55892,5,0.01684,0.11364,0.06397,0.43182,0.26316,0.77273,0.55882,15,1604,0.42857,0.56701,0.4767,0.03584,0.2439,0.80488,0.54545
Angelique Kerber,GER,Hard,12,72,1713,62,4,8,0.33333,0,0.47641,0.42629,0.35714,4,2,0.5,1,1,1,0.52419,0.33071,79,1548,0.70316,0.54735,0.44867,0.51806,9,0.01016,0.07258,0.03612,0.25806,0.28125,1.15323,0.58741,15,1604,0.34317,0.59032,0.4331,0.05282,0.35433,0.81102,0.40777
Amanda Anisimova,USA,Hard,6,73,1711,38,4,2,0.66667,0,0.50211,0.50909,0.66667,0,0,,0,0,,0.61818,0.4,47,1573,0.63061,0.61925,0.44286,0.55409,20,0.05277,0.36364,0.06332,0.43636,0.83333,0.85455,0.55319,32,1585,0.37879,0.53731,0.44277,0.04518,0.27273,0.74545,0.53659
Dayana Yastremska,UKR,Clay,9,74,1710,82,3,6,0.33333,0,0.4739,0.44388,0.36364,4,2,0.5,0,0,,0.51546,0.37374,120,1521,0.59494,0.53989,0.46094,0.50791,12,0.01899,0.12371,0.05538,0.36082,0.34286,0.87629,0.44706,123,1526,0.39753,0.51923,0.43883,0.02936,0.18182,0.68687,0.54412
Dayana Yastremska,UKR,Hard,22,74,1710,66,10,12,0.45455,0,0.49638,0.48337,0.45833,6,4,0.66667,5,3,0.6,0.62609,0.33484,120,1521,0.58365,0.64223,0.42945,0.55364,64,0.04087,0.27826,0.06003,0.4087,0.68085,0.80435,0.53514,123,1526,0.37647,0.53803,0.43555,0.03392,0.22624,0.77376,0.43275
Marina Stakusic,CAN,Hard,6,75,1704,86,4,2,0.66667,0,0.51947,0.53571,0.6,3,2,0.66667,0,0,,0.66667,0.39706,111,1526,0.60412,0.61364,0.53757,0.58352,15,0.03432,0.20833,0.0389,0.23611,0.88235,0.77778,0.57143,73,1550,0.37785,0.61935,0.45887,0.03247,0.22059,0.75,0.52941
Kaja Juvan,SLO,Hard,11,78,1698,97,6,5,0.54545,0,0.49381,0.52332,0.57143,1,1,1,2,0,0,0.70103,0.34375,71,1555,0.61211,0.62299,0.5443,0.59247,16,0.02619,0.16495,0.04092,0.25773,0.64,0.6701,0.55385,163,1511,0.3224,0.50427,0.39333,0.00833,0.05208,0.65625,0.52381
Bianca Andreescu,CAN,Grass,8,79,1697,85,4,4,0.5,0,0.49109,0.4949,0.45,4,3,0.75,3,1,0.33333,0.77083,0.23,18,1611,0.63664,0.65228,0.52101,0.60458,18,0.02748,0.1875,0.04885,0.33333,0.5625,0.70833,0.67647,135,1520,0.27487,0.52362,0.37421,0.04403,0.28,0.7,0.32857
Caroline Wozniacki,DEN,Hard,18,80,1695,32,10,8,0.55556,0,0.51733,0.54054,0.575,6,2,0.33333,3,3,1,0.67935,0.40323,21,1604,0.62606,0.6367,0.46804,0.57363,28,0.02159,0.15217,0.03547,0.25,0.6087,0.8587,0.62658,6,1624,0.4174,0.52964,0.46112,0.03387,0.23656,0.97312,0.41436
Mayar Sherif,EGY,Clay,20,81,1692,34,12,8,0.6,0,0.50861,0.52019,0.59574,7,3,0.42857,5,4,0.8,0.64904,0.39437,63,1559,0.74771,0.58624,0.48324,0.56025,13,0.00916,0.0625,0.0155,0.10577,0.59091,0.75481,0.53503,154,1514,0.4211,0.5414,0.45926,0.01549,0.10798,0.88263,0.44681
Mayar Sherif,EGY,Hard,9,81,1692,224,1,8,0.11111,0,0.45403,0.39037,0.15789,2,1,0.5,3,2,0.66667,0.5914,0.19149,63,1559,0.70927,0.57658,0.43956,0.53674,11,0.01757,0.11828,0.02396,0.16129,0.73333,0.96774,0.57778,154,1514,0.31186,0.46977,0.36816,0.02819,0.18085,0.52128,0.36735
Shelby Rogers,USA,Clay,7,82,1691,96,3,4,0.42857,0,0.51299,0.51639,0.46667,1,0,0,1,0,0,0.67213,0.36066,27,1597,0.60526,0.66957,0.46667,0.58947,15,0.03947,0.2459,0.03684,0.22951,1.07143,0.55738,0.41176,169,1510,0.37662,0.5283,0.43846,0.04359,0.27869,0.77049,0.46809
Anna Blinkova,RUS,Clay,8,83,1690,109,3,5,0.375,0,0.50155,0.52486,0.47368,4,1,0.25,3,0,0,0.6044,0.44444,148,1507,0.59459,0.60606,0.42593,0.53303,15,0.02252,0.16484,0.06306,0.46154,0.35714,0.87912,0.55,88,1544,0.37766,0.60317,0.46815,0.01592,0.11111,0.96667,0.45977
Anna Blinkova,RUS,Grass,8,83,1690,48,5,3,0.625,0,0.50829,0.52406,0.55,4,3,0.75,1,0,0,0.65591,0.39362,148,1507,0.54577,0.65506,0.45627,0.56477,34,0.05872,0.36559,0.07254,0.45161,0.80952,0.73118,0.52941,88,1544,0.39485,0.5991,0.46076,0.05087,0.37234,1,0.39362
Anna Blinkova,RUS,Hard,29,83,1690,80,13,16,0.44828,0,0.48406,0.47444,0.44118,11,6,0.54545,6,4,0.66667,0.61093,0.33968,148,1507,0.58772,0.63158,0.41266,0.54132,86,0.04157,0.27653,0.0725,0.48232,0.57333,0.84566,0.53992,88,1544,0.35568,0.54145,0.42598,0.04216,0.27302,0.71111,0.47768
Eva Lys,GER,Hard,10,84,1687,73,5,5,0.5,0,0.50355,0.51648,0.52381,2,1,0.5,1,0,0,0.54348,0.48889,184,1488,0.70963,0.5558,0.40107,0.51087,1,0.00155,0.01087,0.04814,0.33696,0.03226,0.95652,0.52273,12,1608,0.40278,0.62357,0.49599,0.03692,0.25556,1.03333,0.47312
Jennifer Brady,USA,Hard,10,85,1686,36,5,5,0.5,0,0.49576,0.49289,0.54545,4,2,0.5,6,4,0.66667,0.66981,0.31429,13,1619,0.54681,0.62779,0.49701,0.56852,22,0.02985,0.20755,0.04885,0.33962,0.61111,0.81132,0.59302,68,1552,0.35101,0.5089,0.41654,0.03545,0.22857,0.61905,0.50769
Ana Bogdan,ROU,Clay,8,86,1686,72,3,5,0.375,0,0.49962,0.50761,0.47619,6,2,0.33333,3,1,0.33333,0.61,0.40206,87,1541,0.64493,0.58876,0.45306,0.54058,20,0.02899,0.2,0.02754,0.19,1.05263,0.81,0.51852,94,1538,0.41419,0.54891,0.45411,0.0161,0.10309,0.71134,0.56522
Ana Bogdan,ROU,Grass,6,86,1686,43,3,3,0.5,0,0.50294,0.48052,0.5,4,2,0.5,3,2,0.66667,0.67568,0.3,87,1541,0.65737,0.61212,0.50581,0.5757,20,0.03984,0.27027,0.02191,0.14865,1.81818,0.72973,0.55556,94,1538,0.35693,0.57459,0.43269,0.05192,0.3375,0.6125,0.4898
Ana Bogdan,ROU,Hard,16,86,1686,106,7,9,0.4375,0,0.49119,0.48338,0.46154,7,3,0.42857,6,3,0.5,0.67692,0.29082,87,1541,0.6081,0.63442,0.48148,0.57448,55,0.04202,0.28205,0.02597,0.17436,1.61765,0.83077,0.61111,94,1538,0.32266,0.53996,0.40354,0.04421,0.28061,0.57143,0.50893
Anastasija Sevastova,LAT,Hard,6,87,1683,72,4,2,0.66667,0,0.54393,0.60909,0.72727,1,1,1,1,0,0,0.69643,0.51852,50,1568,0.70109,0.62016,0.50909,0.58696,7,0.01902,0.125,0.02446,0.16071,0.77778,0.64286,0.52778,39,1576,0.43636,0.60465,0.49857,0.02006,0.12963,1.12963,0.45902
Diane Parry,FRA,Clay,11,88,1679,126,5,6,0.45455,0,0.49932,0.50655,0.54167,3,1,0.33333,1,0,0,0.65789,0.35652,40,1581,0.57909,0.6342,0.45752,0.55983,19,0.02613,0.16667,0.04264,0.27193,0.6129,0.71053,0.51852,167,1510,0.37582,0.54167,0.44011,0.02692,0.17391,0.65217,0.54667
Diane Parry,FRA,Hard,20,88,1679,102,10,10,0.5,0,0.50551,0.50314,0.52,10,4,0.4,6,3,0.5,0.73029,0.27119,40,1581,0.53151,0.6956,0.50069,0.60429,102,0.06628,0.42324,0.03704,0.23651,1.78947,0.56432,0.52206,167,1510,0.34817,0.5168,0.41259,0.04279,0.29661,0.84746,0.32
Anna Karolina Schmiedlova,SVK,Clay,13,89,1678,97,7,6,0.53846,0,0.50565,0.51172,0.5,3,1,0.33333,1,0,0,0.60305,0.416,210,1478,0.60341,0.62524,0.42407,0.54545,22,0.025,0.16794,0.05909,0.39695,0.42308,0.90076,0.55932,137,1520,0.40535,0.54921,0.46192,0.02996,0.192,0.84,0.49524
Anna Karolina Schmiedlova,SVK,Hard,22,89,1678,84,10,12,0.45455,0,0.47375,0.43299,0.39216,8,6,0.75,6,6,1,0.54508,0.3195,210,1478,0.57812,0.60324,0.41778,0.525,42,0.02625,0.17213,0.05312,0.34836,0.49412,0.85656,0.4689,137,1520,0.35471,0.5471,0.42188,0.04997,0.3278,0.78838,0.40526
Petra Martic,CRO,Grass,6,90,1676,37,4,2,0.66667,0,0.50406,0.50376,0.5,2,2,1,1,0,0,0.81818,0.19403,44,1578,0.58065,0.71032,0.52747,0.63364,36,0.08295,0.54545,0.04839,0.31818,1.71429,0.54545,0.66667,261,1475,0.29195,0.55725,0.37296,0.0373,0.23881,0.56716,0.34211
Petra Martic,CRO,Hard,23,90,1676,89,9,14,0.3913,0,0.49495,0.49012,0.41818,9,4,0.44444,9,4,0.44444,0.70968,0.27907,44,1578,0.56853,0.69946,0.46296,0.59742,120,0.07376,0.48387,0.05778,0.37903,1.2766,0.64113,0.54717,261,1475,0.34541,0.49918,0.39908,0.04543,0.3062,0.68217,0.40909
Claire Liu,USA,Clay,7,91,1669,98,4,3,0.57143,0,0.50216,0.49254,0.57143,0,0,,2,1,0.5,0.57353,0.40909,116,1524,0.61715,0.58644,0.44809,0.53347,18,0.03766,0.26471,0.0251,0.17647,1.5,0.94118,0.54688,222,1490,0.40461,0.60274,0.46889,0.01778,0.12121,0.84848,0.48214
Claire Liu,USA,Hard,15,91,1669,81,5,10,0.33333,0,0.474,0.42904,0.36364,5,2,0.4,3,2,0.66667,0.57895,0.27815,116,1524,0.61359,0.60127,0.44221,0.53981,31,0.0301,0.20395,0.03398,0.23026,0.88571,0.83553,0.49606,222,1490,0.33443,0.51832,0.40546,0.03033,0.19868,0.5894,0.47191
Lucia Bronzetti,ITA,Clay,9,92,1666,69,3,6,0.33333,0,0.48619,0.46857,0.4,2,0,0,0,0,,0.54023,0.39773,83,1543,0.63439,0.6,0.36073,0.51252,12,0.02003,0.13793,0.04508,0.31034,0.44444,0.93103,0.50617,96,1538,0.41457,0.55051,0.45973,0.04027,0.27273,0.95455,0.41667
Lucia Bronzetti,ITA,Grass,6,92,1666,,4,2,0.66667,0,0.52743,0.50485,0.54545,1,1,1,2,1,0.5,0.73469,0.2963,83,1543,0.62581,0.66495,0.58621,0.63548,10,0.03226,0.20408,0.02581,0.16327,1.25,0.63265,0.58065,96,1538,0.34191,0.65891,0.44389,0.07481,0.55556,0.87037,0.34043
Lucia Bronzetti,ITA,Hard,29,92,1666,110,14,15,0.48276,0,0.49875,0.50085,0.50794,5,1,0.2,9,4,0.44444,0.66096,0.34448,83,1543,0.57836,0.6346,0.47215,0.56611,63,0.03216,0.21575,0.04237,0.28425,0.75904,0.80137,0.57692,96,1538,0.38336,0.52069,0.43391,0.03342,0.22742,0.83612,0.412
Lin Zhu,CHN,Grass,7,93,1666,105,4,3,0.57143,0,0.50169,0.50365,0.53333,1,1,1,1,1,1,0.68657,0.32857,130,1516,0.66892,0.61616,0.5102,0.58108,8,0.01802,0.1194,0.01802,0.1194,1,0.8806,0.64407,174,1508,0.31154,0.57838,0.42247,0.08315,0.52857,0.64286,0.51111
Lin Zhu,CHN,Hard,41,93,1666,68,20,21,0.4878,0,0.49874,0.497,0.52747,11,3,0.27273,7,4,0.57143,0.65375,0.34286,130,1516,0.60802,0.62952,0.46154,0.56368,76,0.02696,0.18402,0.04505,0.30751,0.59843,0.75061,0.53871,174,1508,0.35731,0.54836,0.43176,0.05269,0.34286,0.77381,0.44308
Lulu Sun,NZL,Hard,5,94,1664,103,2,3,0.4,0,0.48201,0.44186,0.33333,0,0,,0,0,,0.78049,0.13333,48,1570,0.55263,0.72789,0.4958,0.62406,19,0.07143,0.46341,0.06015,0.39024,1.1875,0.7561,0.70968,253,1478,0.27119,0.47788,0.35172,0.07586,0.48889,0.46667,0.28571
Aliaksandra Sasnovich,BLR,Clay,5,95,1663,62,2,3,0.4,0,0.50079,0.5,0.4,0,0,,3,1,0.33333,0.58696,0.41304,171,1494,0.67085,0.57009,0.44762,0.52978,7,0.02194,0.15217,0.05956,0.41304,0.36842,0.78261,0.47222,82,1545,0.38947,0.59677,0.47134,0.01592,0.1087,1.08696,0.38
Aliaksandra Sasnovich,BLR,Grass,9,95,1663,63,5,4,0.55556,0,0.49386,0.5,0.5,1,1,1,2,1,0.5,0.625,0.375,171,1494,0.63822,0.60756,0.43077,0.5436,18,0.0334,0.225,0.07236,0.4875,0.46154,0.7375,0.49153,82,1545,0.31525,0.60889,0.44231,0.075,0.4875,0.8,0.46875
Aliaksandra Sasnovich,BLR,Hard,15,95,1663,116,5,10,0.33333,0,0.49191,0.48824,0.37143,5,2,0.4,7,1,0.14286,0.62651,0.35632,171,1494,0.6848,0.5889,0.44384,0.54318,33,0.0285,0.1988,0.04836,0.33735,0.58929,0.86747,0.56944,82,1545,0.35777,0.56376,0.43933,0.06112,0.39655,0.66092,0.53913
Nao Hibino,JPN,Hard,22,96,1662,87,11,11,0.5,1,0.48655,0.4833,0.46939,5,4,0.8,3,2,0.66667,0.61538,0.35526,164,1497,0.66823,0.58175,0.47071,0.54491,38,0.02547,0.17195,0.03619,0.24434,0.7037,0.85068,0.54787,114,1531,0.35333,0.54867,0.4278,0.03981,0.25877,0.65351,0.54362
Emiliana Arango,COL,Hard,14,97,1656,127,8,6,0.57143,0,0.50385,0.50775,0.56667,2,1,0.5,1,1,1,0.60317,0.41667,271,1455,0.67141,0.60071,0.42599,0.5433,13,0.01542,0.10317,0.05694,0.38095,0.27083,0.83333,0.52381,52,1566,0.40727,0.57143,0.46445,0.01777,0.11364,0.90152,0.46218
Viktorija Golubic,SUI,Grass,5,98,1655,31,3,2,0.6,0,0.51263,0.53398,0.6,0,0,,2,1,0.5,0.78431,0.28846,178,1491,0.66479,0.65254,0.5042,0.60282,7,0.01972,0.13725,0.02535,0.17647,0.77778,0.5098,0.57692,113,1532,0.31148,0.54815,0.41195,0.03459,0.21154,0.57692,0.5
Viktorija Golubic,SUI,Hard,11,98,1655,75,4,7,0.36364,0,0.48606,0.46939,0.38462,4,2,0.5,5,2,0.4,0.65041,0.28689,178,1491,0.69462,0.66486,0.5123,0.61827,12,0.01502,0.09756,0.03004,0.19512,0.5,0.71545,0.51136,113,1532,0.27725,0.5,0.35045,0.0475,0.30328,0.63115,0.45455
Elisabetta Cocciaretto,ITA,Clay,18,99,1655,61,11,7,0.61111,1,0.50403,0.51259,0.55556,9,6,0.66667,6,3,0.5,0.61927,0.40639,95,1534,0.68851,0.58489,0.48156,0.5527,18,0.01216,0.08257,0.04595,0.31193,0.26471,0.82569,0.53889,77,1548,0.38713,0.56823,0.45171,0.03776,0.23744,0.78082,0.52047
Elisabetta Cocciaretto,ITA,Hard,14,99,1655,130,4,10,0.28571,0,0.49393,0.49057,0.38235,6,1,0.16667,3,1,0.33333,0.63694,0.34783,95,1534,0.6488,0.60767,0.46322,0.55694,15,0.01435,0.09554,0.05072,0.33758,0.28302,0.77707,0.53279,77,1548,0.38531,0.5093,0.43391,0.03191,0.21739,0.75776,0.45902
Jule Niemeier,GER,Clay,6,100,1655,130,3,3,0.5,0,0.4921,0.46825,0.42857,2,2,1,1,1,1,0.47692,0.45902,231,1471,0.53244,0.62185,0.37799,0.50783,14,0.03132,0.21538,0.11633,0.8,0.26923,1.09231,0.52113,103,1536,0.40794,0.59259,0.47608,0.00911,0.06557,1.08197,0.42424
Jule Niemeier,GER,Grass,5,100,1655,47,2,3,0.4,0,0.4921,0.475,0.45455,2,1,0.5,2,1,0.5,0.7377,0.20339,231,1471,0.5772,0.69136,0.45506,0.59145,14,0.03325,0.22951,0.06176,0.42623,0.53846,0.77049,0.65957,103,1536,0.29032,0.54545,0.38806,0.0597,0.40678,0.64407,0.31579
Jule Niemeier,GER,Hard,9,100,1655,124,3,6,0.33333,0,0.47291,0.44056,0.375,0,0,,0,0,,0.56757,0.30435,231,1471,0.51324,0.65873,0.39749,0.53157,28,0.05703,0.37838,0.12627,0.83784,0.45161,0.90541,0.52239,103,1536,0.29646,0.53846,0.4,0.05063,0.28986,0.57971,0.525
Daria Saville,AUS,Clay,10,101,1652,91,5,5,0.5,0,0.49898,0.49275,0.52174,3,1,0.33333,3,3,1,0.5534,0.43269,127,1518,0.67104,0.58008,0.38645,0.51638,9,0.0118,0.08738,0.07339,0.54369,0.16071,1.1068,0.59649,44,1574,0.42377,0.57463,0.48039,0.02101,0.14423,0.85577,0.50562
Daria Saville,AUS,Hard,22,101,1652,78,10,12,0.45455,0,0.4972,0.49301,0.45283,9,5,0.55556,6,3,0.5,0.59919,0.38976,127,1518,0.65733,0.6048,0.41397,0.5394,49,0.0286,0.19838,0.07297,0.50607,0.392,0.88259,0.54587,44,1574,0.37865,0.59524,0.45428,0.02613,0.17323,0.74016,0.5266
Hailey Baptiste,USA,Hard,9,102,1652,115,4,5,0.44444,0,0.49571,0.49074,0.43478,5,3,0.6,4,2,0.5,0.7037,0.27778,42,1579,0.48306,0.7378,0.46154,0.59499,31,0.04566,0.28704,0.08984,0.56481,0.5082,0.55556,0.46667,161,1511,0.32407,0.51903,0.40222,0.05687,0.37963,0.66667,0.41667
Ajla Tomljanovic,AUS,Hard,11,103,1649,82,3,8,0.27273,0,0.48872,0.45249,0.33333,4,2,0.5,4,1,0.25,0.58333,0.32743,115,1524,0.65706,0.64254,0.41176,0.5634,32,0.04611,0.2963,0.07061,0.4537,0.65306,0.7037,0.40789,38,1576,0.35388,0.54887,0.42133,0.04421,0.30088,0.82301,0.39785
Varvara Gracheva,FRA,Clay,9,104,1649,105,4,5,0.44444,0,0.47935,0.4456,0.45455,4,2,0.5,1,0,0,0.59596,0.28723,125,1519,0.67385,0.58676,0.45283,0.54308,7,0.01077,0.07071,0.03077,0.20202,0.35,0.85859,0.52941,223,1489,0.38303,0.46311,0.4139,0.0316,0.21277,0.73404,0.3913
Varvara Gracheva,FRA,Grass,6,104,1649,,3,3,0.5,0,0.51678,0.52991,0.53846,1,0,0,0,0,,0.73333,0.31579,125,1519,0.60358,0.67797,0.49032,0.60358,13,0.03325,0.21667,0.04604,0.3,0.72222,0.76667,0.65217,223,1489,0.33796,0.55072,0.4209,0.05932,0.36842,0.63158,0.5
Varvara Gracheva,FRA,Hard,25,104,1649,131,8,17,0.32,0,0.45779,0.40385,0.28846,4,3,0.75,3,1,0.33333,0.57627,0.22845,125,1519,0.60077,0.59531,0.42147,0.52591,40,0.02559,0.16949,0.06398,0.42373,0.4,0.84746,0.5,223,1489,0.3113,0.51123,0.38761,0.04548,0.29741,0.56897,0.40152
Elina Avanesyan,RUS,Clay,16,105,1643,102,9,7,0.5625,0,0.49744,0.5,0.5,8,6,0.75,1,0,0,0.57627,0.42105,179,1491,0.66812,0.58279,0.41732,0.52787,12,0.01045,0.0678,0.04094,0.26554,0.25532,0.79096,0.46429,60,1558,0.41624,0.5649,0.46812,0.01258,0.08772,1.05263,0.4
Elina Avanesyan,RUS,Hard,16,105,1643,121,7,9,0.4375,0,0.49578,0.48907,0.48718,9,4,0.44444,5,3,0.6,0.55978,0.41758,179,1491,0.70235,0.57852,0.42234,0.53204,9,0.0073,0.04891,0.03731,0.25,0.19565,0.86413,0.49057,60,1558,0.40052,0.55579,0.46025,0.02464,0.17033,0.87363,0.47799
Cristina Bucsa,ESP,Clay,10,106,1643,120,4,6,0.4,0,0.49835,0.48035,0.45833,4,1,0.25,2,1,0.5,0.50442,0.4569,214,1475,0.68924,0.55877,0.40171,0.50996,5,0.00664,0.04425,0.03984,0.26549,0.16667,0.84071,0.41053,57,1560,0.41487,0.57391,0.48688,0.02493,0.16379,0.76724,0.59551
Cristina Bucsa,ESP,Hard,21,106,1643,114,7,14,0.33333,0,0.47838,0.44444,0.32609,4,3,0.75,2,1,0.5,0.55729,0.33333,214,1475,0.64076,0.59901,0.40839,0.53053,19,0.01507,0.09896,0.04837,0.31771,0.31148,0.90104,0.50867,57,1560,0.35723,0.53862,0.42619,0.04286,0.27692,0.73846,0.45139
Rebecca Sramkova,SVK,Clay,5,107,1642,85,3,2,0.6,0,0.51778,0.53906,0.61538,3,1,0.33333,2,1,0.5,0.68254,0.4,129,1517,0.64126,0.5979,0.53125,0.57399,10,0.02242,0.15873,0.03139,0.22222,0.71429,0.85714,0.62963,168,1510,0.39024,0.58683,0.46256,0.02863,0.2,0.84615,0.47273
Rebecca Sramkova,SVK,Hard,5,107,1642,183,3,2,0.6,0,0.51791,0.53704,0.58333,2,1,0.5,0,0,,0.62963,0.44444,129,1517,0.52406,0.60204,0.50562,0.55615,11,0.02941,0.2037,0.05348,0.37037,0.55,0.92593,0.6,168,1510,0.42289,0.54967,0.47727,0.03409,0.22222,0.94444,0.47059
Tatjana Maria,GER,Clay,12,108,1642,87,5,7,0.41667,0,0.48358,0.45956,0.41935,7,4,0.57143,5,3,0.6,0.49635,0.42222,153,1503,0.5494,0.55929,0.44337,0.50706,36,0.03909,0.26277,0.03474,0.23358,1.125,0.92701,0.45669,109,1532,0.40901,0.54517,0.4589,0.00913,0.05926,0.71852,0.58763
Tatjana Maria,GER,Hard,34,108,1642,128,16,18,0.47059,0,0.4917,0.48567,0.45714,8,3,0.375,7,3,0.42857,0.63407,0.33441,153,1503,0.55085,0.65371,0.44312,0.55912,111,0.05401,0.35016,0.04964,0.32177,1.08824,0.69085,0.47032,109,1532,0.36518,0.54993,0.42586,0.02471,0.1672,0.75563,0.44255
Harriet Dart,GBR,Grass,9,109,1637,46,5,4,0.55556,0,0.51536,0.51818,0.52174,5,3,0.6,2,1,0.5,0.71818,0.31818,204,1480,0.53111,0.70572,0.49383,0.60637,36,0.0521,0.32727,0.0521,0.32727,1,0.6,0.5303,124,1525,0.36087,0.54448,0.4305,0.04184,0.28182,0.68182,0.46667
Harriet Dart,GBR,Hard,10,109,1637,133,6,4,0.6,0,0.51778,0.52991,0.56522,3,2,0.66667,5,2,0.4,0.68376,0.37607,204,1480,0.52749,0.70968,0.45152,0.5877,29,0.03796,0.24786,0.06675,0.4359,0.56863,0.5812,0.45588,124,1525,0.39548,0.55519,0.45411,0.02145,0.15385,0.87179,0.43137
Viktoria Hruncakova,SVK,Grass,5,110,1637,79,3,2,0.6,0,0.49853,0.50515,0.6,0,0,,2,1,0.5,0.7551,0.25,68,1556,0.6036,0.64677,0.52273,0.5976,25,0.07508,0.5102,0.04805,0.32653,1.5625,0.63265,0.6129,345,1435,0.31019,0.55725,0.40346,0.06052,0.4375,0.64583,0.3871
Viktoria Hruncakova,SVK,Hard,13,110,1637,146,6,7,0.46154,0,0.48143,0.45988,0.42424,7,5,0.71429,4,3,0.75,0.65432,0.26543,68,1556,0.56069,0.70619,0.38816,0.56647,73,0.07033,0.45062,0.07322,0.46914,0.96053,0.64815,0.46667,345,1435,0.31111,0.52546,0.39831,0.05085,0.33333,0.62346,0.42574
Mai Hontama,JPN,Hard,17,115,1631,105,8,9,0.47059,0,0.50973,0.50852,0.4359,5,4,0.8,3,0,0,0.58192,0.43429,240,1468,0.67043,0.58366,0.45119,0.54,13,0.0113,0.07345,0.03913,0.25424,0.28889,0.81921,0.48966,48,1569,0.43067,0.56901,0.47979,0.03009,0.2,0.82286,0.52778
Caroline Dolehide,USA,Clay,6,116,1627,139,3,3,0.5,0,0.48591,0.48062,0.42857,2,2,1,2,0,0,0.66667,0.30303,66,1558,0.76443,0.57704,0.51961,0.56351,8,0.01848,0.12698,0.0254,0.1746,0.72727,0.68254,0.51163,228,1486,0.3689,0.52381,0.41189,0.04405,0.30303,0.66667,0.45455
Caroline Dolehide,USA,Hard,19,116,1627,109,9,10,0.47368,0,0.50352,0.5122,0.48936,9,4,0.44444,7,3,0.42857,0.69163,0.33036,66,1558,0.71419,0.63736,0.43936,0.58077,61,0.0399,0.26872,0.05036,0.33921,0.79221,0.7489,0.58824,228,1486,0.35066,0.54029,0.42207,0.0269,0.17411,0.65179,0.50685
Olga Danilovic,SRB,Clay,7,117,1625,51,3,4,0.42857,0,0.50517,0.50318,0.5,3,1,0.33333,2,1,0.5,0.5625,0.44156,138,1513,0.64672,0.55821,0.48634,0.53282,14,0.02703,0.175,0.04826,0.3125,0.56,0.7875,0.44444,97,1538,0.42075,0.58081,0.4789,0.02202,0.15584,0.88312,0.5
Nadia Podoroska,ARG,Clay,15,118,1625,124,7,8,0.46667,0,0.51016,0.52303,0.51429,5,1,0.2,2,1,0.5,0.64667,0.4026,132,1516,0.64503,0.61635,0.45143,0.55781,25,0.02535,0.16667,0.05274,0.34667,0.48077,0.68667,0.48544,196,1500,0.43505,0.51875,0.46232,0.01324,0.08442,0.7013,0.57407
Nadia Podoroska,ARG,Grass,5,118,1625,104,2,3,0.4,0,0.44268,0.37624,0.33333,2,2,1,1,1,1,0.60784,0.14,132,1516,0.62179,0.60309,0.45763,0.54808,6,0.01923,0.11765,0.04808,0.29412,0.4,0.68627,0.42857,196,1500,0.28444,0.47253,0.33861,0.05696,0.36,0.42,0.33333
Nadia Podoroska,ARG,Hard,25,118,1625,118,9,16,0.36,0,0.47329,0.43813,0.375,7,4,0.57143,2,2,1,0.58367,0.29435,132,1516,0.63494,0.59961,0.4271,0.53663,26,0.01628,0.10612,0.05698,0.37143,0.28571,0.85306,0.51196,196,1500,0.32712,0.53254,0.41169,0.03898,0.25806,0.77823,0.37824
Arantxa Rus,NED,Clay,15,119,1623,100,8,7,0.53333,1,0.49764,0.5,0.51351,7,4,0.57143,4,2,0.5,0.63095,0.36585,106,1529,0.68376,0.59,0.43784,0.54188,21,0.01795,0.125,0.05556,0.3869,0.32308,0.79762,0.53731,182,1505,0.3978,0.58333,0.45322,0.01545,0.10976,0.90854,0.40268
Arantxa Rus,NED,Hard,23,119,1623,139,9,14,0.3913,0,0.50297,0.50823,0.45283,8,2,0.25,7,1,0.14286,0.67611,0.33473,106,1529,0.65742,0.63578,0.46655,0.5778,65,0.0392,0.26316,0.05006,0.33603,0.78313,0.80567,0.59799,182,1505,0.35221,0.54181,0.42265,0.02977,0.19247,0.71548,0.46784
Martina Trevisan,ITA,Clay,11,120,1622,83,4,7,0.36364,0,0.48655,0.4728,0.42308,4,1,0.25,1,1,1,0.55556,0.39344,200,1482,0.66417,0.56015,0.44981,0.5231,6,0.00749,0.05128,0.04869,0.33333,0.15385,1.02564,0.56667,153,1514,0.37938,0.57746,0.44987,0.02882,0.18852,0.78689,0.5
Martina Trevisan,ITA,Hard,27,120,1622,137,12,15,0.44444,0,0.49057,0.48217,0.44262,9,6,0.66667,9,5,0.55556,0.61565,0.34915,200,1482,0.66715,0.60044,0.43045,0.54386,27,0.01316,0.09184,0.05019,0.35034,0.26214,0.91497,0.57993,153,1514,0.38852,0.51206,0.43377,0.02753,0.17966,0.74915,0.46606
Sofia Kenin,USA,Clay,5,121,1621,101,2,3,0.4,0,0.49225,0.47368,0.41667,2,1,0.5,0,0,,0.63158,0.31579,76,1553,0.62402,0.61925,0.45833,0.55875,6,0.01567,0.10526,0.04439,0.29825,0.35294,0.84211,0.5625,201,1496,0.33051,0.57419,0.42711,0.07161,0.49123,0.75439,0.4186
Sofia Kenin,USA,Hard,24,121,1621,111,11,13,0.45833,0,0.49425,0.49816,0.46429,8,4,0.5,9,2,0.22222,0.68401,0.31636,76,1553,0.67642,0.61206,0.46688,0.56508,34,0.01777,0.12639,0.04234,0.30112,0.41975,0.71375,0.55729,201,1496,0.34527,0.55436,0.42004,0.07558,0.50182,0.66545,0.47541
Viktoriya Tomova,BUL,Clay,10,122,1621,149,4,6,0.4,0,0.49427,0.49367,0.48,5,1,0.2,3,2,0.66667,0.61207,0.38017,160,1500,0.66546,0.58984,0.44765,0.54227,13,0.0157,0.11207,0.04469,0.31897,0.35135,0.81034,0.52128,101,1537,0.42599,0.48727,0.44632,0.03016,0.20661,0.8843,0.42991
Viktoriya Tomova,BUL,Grass,5,122,1621,111,1,4,0.2,0,0.47258,0.4359,0.30769,3,1,0.33333,2,0,0,0.56897,0.30508,160,1500,0.6129,0.58333,0.43056,0.52419,12,0.03226,0.2069,0.0457,0.2931,0.70588,0.87931,0.5098,101,1537,0.36667,0.51299,0.42386,0.05584,0.37288,0.88136,0.34615
Viktoriya Tomova,BUL,Hard,16,122,1621,126,5,11,0.3125,0,0.47437,0.44884,0.36364,2,0,0,3,1,0.33333,0.58108,0.32258,160,1500,0.68891,0.56781,0.43894,0.52772,10,0.01027,0.06757,0.03799,0.25,0.27027,0.85811,0.51181,101,1537,0.34477,0.54208,0.42323,0.04429,0.29032,0.72903,0.44248
Sachia Vickery,USA,Hard,8,123,1620,125,3,5,0.375,0,0.49528,0.47644,0.42105,4,1,0.25,2,1,0.5,0.61053,0.34375,282,1452,0.56885,0.62536,0.45247,0.55082,23,0.0377,0.24211,0.04754,0.30526,0.7931,0.78947,0.50667,90,1542,0.35222,0.58984,0.44411,0.05136,0.35417,0.83333,0.4125
Erika Andreeva,RUS,Clay,5,124,1618,177,1,4,0.2,0,0.46306,0.40367,0.30769,3,1,0.33333,1,1,1,0.5,0.30909,105,1529,0.61436,0.55411,0.41379,0.5,9,0.02394,0.16667,0.04255,0.2963,0.5625,1,0.5,157,1513,0.39608,0.48819,0.4267,0.00262,0.01818,0.78182,0.39535
Erika Andreeva,RUS,Hard,9,124,1618,112,3,6,0.33333,0,0.49619,0.4802,0.45455,4,0,0,5,1,0.2,0.64706,0.31,105,1529,0.68155,0.63537,0.43458,0.57143,19,0.02827,0.18627,0.02679,0.17647,1.05556,0.76471,0.53846,157,1513,0.35121,0.50929,0.41745,0.03583,0.23,0.6,0.51667
Maria Timofeeva,RUS,Clay,7,125,1616,133,5,2,0.71429,1,0.50348,0.51852,0.57895,5,4,0.8,1,1,1,0.6625,0.37805,99,1531,0.68111,0.59288,0.4837,0.55806,4,0.00693,0.05,0.04159,0.3,0.16667,0.9125,0.63014,93,1540,0.39119,0.56684,0.44852,0.01396,0.09756,0.76829,0.49206
Maria Timofeeva,RUS,Hard,6,125,1616,122,4,2,0.66667,0,0.51304,0.51724,0.61538,1,1,1,1,1,1,0.74138,0.2931,99,1531,0.65544,0.66403,0.49624,0.60622,8,0.02073,0.13793,0.0285,0.18966,0.72727,0.65517,0.60526,93,1540,0.36232,0.55245,0.42721,0.01671,0.12069,0.87931,0.33333
Julia Grabher,AUT,Clay,5,126,1616,77,2,3,0.4,0,0.48494,0.46809,0.4,0,0,,0,0,,0.6087,0.33333,118,1522,0.71698,0.60088,0.36667,0.53459,7,0.02201,0.15217,0.07233,0.5,0.30435,0.91304,0.57143,220,1490,0.33673,0.59829,0.4345,0.03834,0.25,0.66667,0.5
Vera Zvonareva,RUS,Hard,9,127,1615,85,4,5,0.44444,0,0.49584,0.47727,0.44444,2,1,0.5,2,2,1,0.5977,0.35955,185,1488,0.60543,0.61214,0.4251,0.53834,6,0.00958,0.06897,0.07029,0.50575,0.13636,0.86207,0.53333,112,1532,0.36308,0.56175,0.44965,0.02257,0.14607,0.74157,0.48485
Yafan Wang,CHN,Hard,14,128,1615,91,8,6,0.57143,0,0.49927,0.49836,0.54545,5,3,0.6,3,2,0.66667,0.70861,0.29221,94,1536,0.61381,0.65769,0.47103,0.5856,39,0.03794,0.25828,0.04377,0.29801,0.86667,0.80795,0.63934,240,1482,0.3542,0.49769,0.41386,0.0462,0.31169,0.74026,0.39474
Julia Riera,ARG,Hard,6,130,1612,150,3,3,0.5,0,0.5029,0.50365,0.57143,2,0,0,1,1,1,0.7,0.29851,53,1566,0.64302,0.65862,0.45963,0.58758,22,0.04878,0.31429,0.01996,0.12857,2.44444,0.67143,0.55319,119,1528,0.34348,0.49451,0.41019,0.01942,0.1194,0.59701,0.5
Alize Cornet,FRA,Clay,7,131,1611,141,2,5,0.28571,0,0.46557,0.41007,0.25,2,2,1,0,0,,0.44444,0.37313,243,1468,0.61272,0.55346,0.36816,0.4817,5,0.00963,0.06944,0.09056,0.65278,0.10638,1.125,0.50617,190,1502,0.40496,0.50649,0.44444,0.00758,0.04478,0.67164,0.55556
Alize Cornet,FRA,Grass,9,131,1611,39,5,4,0.55556,0,0.51249,0.5288,0.5,2,2,1,2,0,0,0.70833,0.34737,243,1468,0.67539,0.67183,0.43548,0.59511,19,0.03316,0.19792,0.05061,0.30208,0.65517,0.58333,0.5,190,1502,0.40436,0.50196,0.44162,0.01796,0.12632,0.84211,0.4125
Alize Cornet,FRA,Hard,10,131,1611,134,3,7,0.3,0,0.48352,0.44538,0.34615,6,3,0.5,2,1,0.5,0.5124,0.37607,243,1468,0.64167,0.57328,0.41196,0.51548,11,0.0131,0.09091,0.07024,0.4876,0.18644,1.03306,0.528,190,1502,0.40438,0.52703,0.44987,0.00627,0.04274,0.89744,0.41905
Sara Errani,ITA,Clay,12,132,1608,58,6,6,0.5,0,0.47725,0.44664,0.41379,5,5,1,2,1,0.5,0.48031,0.4127,333,1429,0.79833,0.50972,0.42012,0.49165,0,0,0,0.02148,0.14173,0,0.92913,0.44068,46,1571,0.38554,0.57784,0.46274,0.03966,0.2619,1.01587,0.40625
Sara Errani,ITA,Hard,9,132,1608,193,3,6,0.33333,0,0.48774,0.46629,0.35,2,1,0.5,1,0,0,0.51111,0.42045,333,1429,0.7931,0.54865,0.37302,0.51232,0,0,0,0.02627,0.17778,0,0.86667,0.4359,46,1571,0.39067,0.5671,0.46167,0.04181,0.27273,0.84091,0.5
Maria Lourdes Carle,ARG,Clay,7,133,1607,104,3,4,0.42857,0,0.49409,0.49645,0.5,2,0,0,0,0,,0.52857,0.46479,213,1475,0.75362,0.56868,0.33613,0.51139,3,0.00621,0.04286,0.06004,0.41429,0.10345,0.97143,0.51471,34,1581,0.44068,0.54248,0.47545,0.00446,0.02817,0.8169,0.56897
Rebeka Masarova,ESP,Grass,6,134,1607,,3,3,0.5,0,0.52344,0.504,0.61538,2,1,0.5,2,2,1,0.77778,0.22581,62,1559,0.65363,0.71368,0.55645,0.65922,24,0.06704,0.38095,0.0419,0.2381,1.6,0.42857,0.48148,298,1455,0.33935,0.54135,0.40488,0.0122,0.08065,0.66129,0.34146
Rebeka Masarova,ESP,Hard,16,134,1607,140,8,8,0.5,0,0.49424,0.49123,0.48649,6,4,0.66667,5,3,0.6,0.66667,0.30952,62,1559,0.64245,0.63945,0.43567,0.56659,75,0.06053,0.43103,0.05408,0.38506,1.1194,0.81609,0.59155,298,1455,0.36947,0.48883,0.41304,0.02083,0.1369,0.71429,0.43333
Lauren Davis,USA,Hard,7,136,1603,79,2,5,0.28571,0,0.47623,0.45399,0.38889,4,1,0.25,2,2,1,0.60494,0.30488,194,1483,0.58528,0.58896,0.48485,0.54578,9,0.01616,0.11111,0.05566,0.38272,0.29032,0.95062,0.58442,198,1497,0.3121,0.5396,0.40116,0.07171,0.45122,0.67073,0.45455
Jodie Burrage,GBR,Grass,10,139,1600,73,6,4,0.6,0,0.48257,0.47807,0.54167,4,3,0.75,2,2,1,0.68142,0.27826,157,1501,0.63867,0.63466,0.45387,0.56933,30,0.04,0.26549,0.05333,0.35398,0.75,0.75221,0.57647,232,1484,0.32548,0.51626,0.3913,0.02665,0.16522,0.58261,0.47761
Jodie Burrage,GBR,Hard,13,139,1600,198,5,8,0.38462,0,0.48445,0.4566,0.43333,4,1,0.25,5,3,0.6,0.54198,0.37313,157,1501,0.59592,0.59557,0.4273,0.52758,56,0.06715,0.42748,0.04197,0.26718,1.6,0.85496,0.46429,232,1484,0.38734,0.53821,0.44153,0.03103,0.19403,0.63433,0.58824
Nuria Parrizas Diaz,ESP,Hard,8,146,1589,104,5,3,0.625,0,0.48082,0.47953,0.52632,3,3,1,1,1,1,0.52326,0.43529,264,1458,0.67057,0.55112,0.39086,0.49833,1,0.00167,0.01163,0.03344,0.23256,0.05,0.97674,0.5119,128,1523,0.41333,0.555,0.46261,0.03826,0.25882,0.96471,0.45122
Heather Watson,GBR,Grass,6,147,1588,59,3,3,0.5,0,0.49086,0.48387,0.5,0,0,,1,1,1,0.7377,0.2381,136,1515,0.61616,0.66803,0.48684,0.59848,20,0.05051,0.32787,0.03283,0.21311,1.53846,0.59016,0.55556,295,1457,0.2834,0.53933,0.39059,0.05176,0.34921,0.69841,0.34091
Heather Watson,GBR,Hard,6,147,1588,154,3,3,0.5,0,0.50185,0.51562,0.46154,1,1,1,1,0,0,0.69231,0.33333,136,1515,0.60048,0.66135,0.44311,0.57416,17,0.04067,0.26154,0.05742,0.36923,0.70833,0.63077,0.5122,295,1457,0.32203,0.58065,0.42455,0.06138,0.38095,0.66667,0.5
Yanina Wickmayer,BEL,Hard,19,148,1587,160,10,9,0.52632,0,0.50573,0.51958,0.55,4,2,0.5,7,2,0.28571,0.67895,0.36269,147,1507,0.65082,0.6503,0.42857,0.57288,52,0.04053,0.27368,0.06547,0.44211,0.61905,0.76842,0.58219,244,1481,0.35941,0.57033,0.44129,0.05236,0.36269,0.78756,0.46053
Oceane Dodin,FRA,Hard,8,149,1585,108,5,3,0.625,0,0.49718,0.49091,0.55556,2,2,1,2,1,0.5,0.68675,0.29268,141,1511,0.55303,0.71233,0.41102,0.57765,23,0.04356,0.27711,0.09659,0.61446,0.45098,0.66265,0.52727,282,1465,0.35652,0.5291,0.4176,0.05805,0.37805,0.68293,0.42857
Dalma Galfi,HUN,Hard,5,150,1585,129,3,2,0.6,0,0.49317,0.49057,0.58333,2,1,0.5,1,1,1,0.75,0.24074,74,1553,0.63438,0.69458,0.44444,0.60312,23,0.07187,0.44231,0.04062,0.25,1.76923,0.53846,0.53571,319,1446,0.31776,0.512,0.38938,0.0413,0.25926,0.48148,0.5
Tereza Martincova,CZE,Grass,5,151,1585,82,1,4,0.2,0,0.50474,0.52033,0.33333,2,0,0,4,0,0,0.78689,0.25806,268,1456,0.74631,0.64686,0.52427,0.61576,6,0.01478,0.09836,0.02463,0.16393,0.6,0.44262,0.51852,221,1490,0.33457,0.50888,0.40183,0.05023,0.35484,0.75806,0.34043
Tereza Martincova,CZE,Hard,7,151,1585,117,3,4,0.42857,0,0.47778,0.41447,0.41176,3,2,0.66667,2,2,1,0.49351,0.33333,268,1456,0.71374,0.55615,0.36667,0.50191,9,0.01718,0.11688,0.05344,0.36364,0.32143,0.94805,0.46575,221,1490,0.37931,0.58173,0.45504,0.03237,0.24,1.02667,0.32468
Greet Minnen,BEL,Hard,19,153,1583,141,8,11,0.42105,0,0.49506,0.49881,0.42222,7,4,0.57143,4,1,0.25,0.6875,0.3128,108,1527,0.61974,0.65105,0.45611,0.57692,47,0.03411,0.22596,0.03991,0.26442,0.85455,0.74519,0.58065,212,1491,0.33215,0.54314,0.41168,0.04878,0.3128,0.67299,0.46479
Linda Fruhvirtova,CZE,Hard,20,155,1579,145,7,13,0.35,0,0.48098,0.45823,0.38298,8,3,0.375,3,0,0,0.61905,0.29665,198,1482,0.62019,0.63566,0.40325,0.54739,57,0.03915,0.27143,0.05151,0.35714,0.76,0.81905,0.53488,63,1557,0.36098,0.49301,0.40973,0.042,0.27273,0.63158,0.4697
Tamara Korpatsch,GER,Clay,5,158,1577,151,2,3,0.4,0,0.5,0.49153,0.46154,3,1,0.33333,1,0,0,0.52542,0.45763,263,1459,0.54408,0.52778,0.49724,0.51385,6,0.01511,0.10169,0.05038,0.33898,0.3,0.9661,0.50877,133,1521,0.43657,0.58273,0.48649,0.01229,0.08475,0.9661,0.47368
Tamara Korpatsch,GER,Hard,22,158,1577,167,11,11,0.5,1,0.49482,0.4863,0.45833,6,4,0.66667,7,3,0.42857,0.60538,0.36279,263,1459,0.58183,0.59816,0.46486,0.54242,38,0.02538,0.1704,0.05344,0.35874,0.475,0.78924,0.5,133,1521,0.39978,0.52664,0.44397,0.02712,0.17674,0.77674,0.46707
Caty Mcnally,USA,Grass,5,159,1575,84,2,3,0.4,0,0.50216,0.52336,0.5,2,0,0,1,0,0,0.65385,0.4,165,1496,0.74238,0.58582,0.47312,0.55679,10,0.0277,0.19231,0.04432,0.30769,0.625,0.98077,0.64706,67,1552,0.41395,0.49573,0.44277,0.0241,0.14545,0.72727,0.55
Rebecca Marino,CAN,Grass,6,160,1574,143,2,4,0.33333,0,0.47112,0.43137,0.375,4,2,0.5,2,2,1,0.64103,0.21333,90,1539,0.55888,0.70903,0.38559,0.56636,56,0.10467,0.71795,0.05981,0.41026,1.75,0.82051,0.5625,350,1432,0.26852,0.57241,0.36247,0.07249,0.45333,0.64,0.33333
Rebecca Marino,CAN,Hard,7,160,1574,135,1,6,0.14286,0,0.4594,0.40972,0.2,1,0,0,2,0,0,0.61111,0.20833,90,1539,0.56823,0.67025,0.38208,0.54582,47,0.09572,0.65278,0.05092,0.34722,1.88,0.88889,0.5625,350,1432,0.28852,0.51412,0.37137,0.04357,0.29167,0.58333,0.35714
Kateryna Baindl,UKR,Clay,6,161,1573,79,4,2,0.66667,0,0.51114,0.51613,0.69231,1,0,0,2,2,1,0.56452,0.46774,247,1466,0.78125,0.56308,0.3956,0.52644,1,0.0024,0.01613,0.03365,0.22581,0.07143,0.80645,0.46,170,1509,0.47445,0.53374,0.49657,0.01373,0.09677,1.01613,0.46032
Kateryna Baindl,UKR,Hard,10,161,1573,156,3,7,0.3,0,0.47222,0.44712,0.30435,5,2,0.4,0,0,,0.58252,0.31429,247,1466,0.72741,0.56729,0.44751,0.53464,8,0.01205,0.07767,0.03614,0.23301,0.33333,0.8835,0.52747,170,1509,0.31742,0.56627,0.41018,0.07335,0.46667,0.62857,0.5
Fiona Ferro,FRA,Clay,6,164,1571,123,1,5,0.16667,0,0.47386,0.4375,0.33333,3,0,0,1,0,0,0.50769,0.36508,174,1493,0.7047,0.50794,0.5,0.50559,2,0.00447,0.03077,0.02685,0.18462,0.16667,0.95385,0.48387,134,1521,0.35766,0.58491,0.44111,0.01155,0.07937,0.88889,0.41071
Kamilla Rakhimova,RUS,Clay,13,168,1568,94,8,5,0.61538,0,0.49624,0.5041,0.48,3,3,1,4,1,0.25,0.58065,0.425,277,1453,0.52912,0.60422,0.44474,0.52912,10,0.01239,0.08065,0.08302,0.54032,0.14925,0.74194,0.43478,199,1497,0.37882,0.60135,0.46252,0.03685,0.24167,0.81667,0.52041
Kamilla Rakhimova,RUS,Hard,11,168,1568,202,4,7,0.36364,0,0.48385,0.43697,0.36,3,2,0.66667,5,3,0.6,0.59322,0.28333,277,1453,0.56833,0.66292,0.39349,0.54662,21,0.02682,0.17797,0.06641,0.44068,0.40385,0.77119,0.47253,199,1497,0.3499,0.54608,0.42211,0.0603,0.4,0.675,0.41975
Tamara Zidansek,SLO,Clay,5,169,1566,60,2,3,0.4,0,0.48148,0.4375,0.45455,1,0,0,0,0,,0.59574,0.28571,234,1469,0.66144,0.58294,0.43519,0.53292,1,0.00313,0.02128,0.0627,0.42553,0.05,0.80851,0.5,136,1520,0.33846,0.56716,0.43161,0.03951,0.26531,0.67347,0.42424
Tamara Zidansek,SLO,Hard,6,169,1566,185,1,5,0.16667,0,0.46012,0.39831,0.35714,2,0,0,1,1,1,0.42373,0.37288,234,1469,0.61785,0.54815,0.36527,0.47826,11,0.02517,0.18644,0.05721,0.42373,0.44,1.20339,0.52113,136,1520,0.40845,0.53191,0.43915,0.01852,0.11864,0.71186,0.52381
Olivia Gadecki,AUS,Hard,6,170,1566,165,1,5,0.16667,0,0.48293,0.43609,0.26667,3,1,0.33333,0,0,,0.62121,0.25373,142,1510,0.59791,0.67686,0.4026,0.56658,17,0.04439,0.25758,0.06789,0.39394,0.65385,0.59091,0.35897,252,1478,0.31373,0.54396,0.40961,0.04119,0.26866,0.61194,0.41463
Lucrezia Stefanini,ITA,Hard,8,174,1560,176,4,4,0.5,0,0.49763,0.49689,0.5,2,1,0.5,2,1,0.5,0.53086,0.4625,320,1436,0.79815,0.54524,0.3945,0.51481,4,0.00741,0.04938,0.02778,0.18519,0.26667,0.87654,0.46479,19,1600,0.38835,0.61765,0.47953,0.02339,0.15,0.8,0.57812
Arianne Hartono,NED,Hard,6,176,1558,162,2,4,0.33333,0,0.4695,0.41739,0.35714,2,1,0.5,1,1,1,0.54386,0.2931,193,1483,0.53944,0.68396,0.33149,0.52163,17,0.04326,0.29825,0.08142,0.5614,0.53125,0.82456,0.44681,183,1505,0.35135,0.51079,0.41274,0.03047,0.18966,0.60345,0.48571
Moyuka Uchijima,JPN,Hard,6,180,1551,204,2,4,0.33333,0,0.4796,0.42857,0.35714,2,1,0.5,0,0,,0.6129,0.25,170,1494,0.51741,0.66827,0.45361,0.56468,36,0.08955,0.58065,0.06219,0.40323,1.44,0.80645,0.52,162,1511,0.3527,0.45783,0.39558,0.0344,0.21875,0.60938,0.41026
Anna Bondar,HUN,Clay,8,183,1548,93,4,4,0.5,0,0.49958,0.5,0.5,2,1,0.5,3,2,0.66667,0.62353,0.37647,121,1521,0.5968,0.65476,0.42731,0.56306,18,0.03197,0.21176,0.03375,0.22353,0.94737,0.84706,0.55556,349,1433,0.39848,0.51802,0.44156,0.01136,0.08235,0.91765,0.41026
Anna Bondar,HUN,Hard,5,183,1548,220,1,4,0.2,0,0.47631,0.46218,0.25,2,1,0.5,2,0,0,0.67797,0.25,121,1521,0.59794,0.66379,0.44231,0.57474,24,0.06186,0.40678,0.0232,0.15254,2.66667,0.77966,0.58696,349,1433,0.27734,0.56934,0.37913,0.04326,0.28333,0.61667,0.40541
Taylah Preston,AUS,Hard,5,184,1545,182,1,4,0.2,0,0.48422,0.44545,0.25,2,1,0.5,0,0,,0.57143,0.31481,236,1469,0.62368,0.57806,0.47552,0.53947,6,0.01579,0.10714,0.06842,0.46429,0.23077,1.16071,0.63077,98,1537,0.31606,0.55769,0.42407,0.05158,0.33333,0.64815,0.48571
Shuai Zhang,CHN,Hard,6,185,1545,119,0,6,0,0,0.45248,0.4,0.2,3,0,0,1,0,0,0.47143,0.32857,226,1473,0.64396,0.52901,0.41358,0.48791,1,0.0022,0.01429,0.04176,0.27143,0.05263,0.92857,0.43077,272,1469,0.39077,0.47945,0.41826,0.06369,0.42857,0.88571,0.37097
Patricia Maria Tig,ROU,Hard,6,186,1544,178,2,4,0.33333,0,0.46926,0.42748,0.35714,2,1,0.5,3,2,0.66667,0.5,0.35385,241,1468,0.58904,0.57752,0.38889,0.5,5,0.01142,0.07576,0.09132,0.60606,0.125,0.9697,0.48438,241,1482,0.36808,0.56593,0.44172,0.05112,0.38462,0.93846,0.37705
Anna Lena Friedsam,GER,Hard,7,188,1540,171,1,6,0.14286,0,0.46794,0.43571,0.29412,3,0,0,1,0,0,0.57143,0.3,150,1506,0.6808,0.60984,0.40559,0.54464,25,0.0558,0.35714,0.03348,0.21429,1.66667,0.84286,0.49153,297,1456,0.32759,0.50993,0.39002,0.04989,0.31429,0.67143,0.44681
Astra Sharma,AUS,Clay,5,190,1534,122,3,2,0.6,0,0.51824,0.54255,0.63636,1,0,0,0,0,,0.74468,0.34043,107,1528,0.57057,0.68421,0.4965,0.6036,15,0.04505,0.31915,0.05105,0.3617,0.88235,0.6383,0.6,293,1458,0.40191,0.48276,0.43077,0.00923,0.06383,0.89362,0.38095
Emina Bektas,USA,Grass,5,191,1530,78,3,2,0.6,0,0.51939,0.53043,0.63636,1,0,0,2,1,0.5,0.77586,0.2807,29,1596,0.6875,0.70661,0.49091,0.6392,36,0.10227,0.62069,0.02841,0.17241,3.6,0.43103,0.48,364,1421,0.32547,0.51266,0.40541,0.10811,0.70175,0.63158,0.44444
Emina Bektas,USA,Hard,8,191,1530,232,3,5,0.375,0,0.48995,0.47895,0.44444,4,2,0.5,4,2,0.5,0.76042,0.19149,29,1596,0.6461,0.69347,0.48624,0.62013,48,0.07792,0.5,0.03734,0.23958,2.08696,0.5,0.52083,364,1421,0.26286,0.48684,0.35121,0.07266,0.44681,0.44681,0.42857
Kimberly Birrell,AUS,Hard,10,197,1526,161,3,7,0.3,0,0.4781,0.44175,0.36364,2,0,0,2,0,0,0.58,0.31132,173,1493,0.61631,0.60539,0.43701,0.54079,19,0.0287,0.19,0.0861,0.57,0.33333,0.83,0.49398,189,1503,0.33255,0.55814,0.41752,0.05547,0.35849,0.73585,0.42308
Zhuoxuan Bai,CHN,Hard,9,200,1522,250,3,6,0.33333,0,0.49504,0.47739,0.40909,4,1,0.25,2,2,1,0.61458,0.34951,104,1530,0.64448,0.60329,0.45532,0.55068,16,0.02421,0.16667,0.02572,0.17708,0.94118,0.80208,0.51948,152,1515,0.39474,0.51724,0.43846,0.02923,0.18447,0.68932,0.50704
Daria Snigur,UKR,Hard,5,203,1521,166,2,3,0.4,0,0.49231,0.49091,0.46154,3,1,0.33333,0,0,,0.58491,0.40351,260,1461,0.78409,0.55435,0.42105,0.52557,1,0.00284,0.01887,0.03977,0.26415,0.07143,1.03774,0.6,49,1567,0.36449,0.59732,0.46006,0.06061,0.38596,0.68421,0.58974
Noma Noha Akugue,GER,Clay,5,218,1510,127,4,1,0.8,0,0.5,0.50833,0.66667,2,2,1,2,1,0.5,0.65,0.36667,229,1472,0.54717,0.62931,0.46354,0.55425,16,0.03774,0.26667,0.04717,0.33333,0.8,0.83333,0.58,234,1484,0.40614,0.53719,0.44444,0.00725,0.05,0.91667,0.4
Venus Williams,USA,Hard,6,223,1505,132,1,5,0.16667,0,0.45592,0.38655,0.28571,2,0,0,0,0,,0.48333,0.28814,155,1501,0.58519,0.62025,0.34524,0.50617,19,0.04691,0.31667,0.08395,0.56667,0.55882,1.01667,0.4918,243,1481,0.33333,0.5,0.4036,0.04884,0.32203,0.62712,0.45946
Kayla Day,USA,Clay,5,238,1488,153,2,3,0.4,0,0.50531,0.50459,0.41667,2,1,0.5,1,0,0,0.58929,0.41509,92,1538,0.62887,0.59016,0.44444,0.53608,14,0.03608,0.25,0.04124,0.28571,0.875,0.85714,0.52083,307,1451,0.4206,0.56391,0.47268,0.01639,0.11321,0.83019,0.5
Kayla Day,USA,Hard,8,238,1488,234,1,7,0.125,0,0.45761,0.42331,0.17647,1,0,0,4,1,0.25,0.67901,0.17073,92,1538,0.57468,0.62712,0.47328,0.56169,24,0.03896,0.2963,0.03896,0.2963,1,0.90123,0.64384,307,1451,0.29692,0.42077,0.33889,0.03333,0.21951,0.59756,0.28571
Nuria Brancaccio,ITA,Clay,5,242,1485,173,1,4,0.2,0,0.46799,0.41053,0.2,0,0,,1,0,0,0.47826,0.34694,301,1444,0.69725,0.52632,0.39394,0.48624,2,0.00612,0.04348,0.03364,0.23913,0.18182,1.06522,0.5102,28,1588,0.39827,0.57143,0.44985,0,0,0.93878,0.36957
Alycia Parks,USA,Hard,14,247,1479,213,4,10,0.28571,0,0.47651,0.45031,0.37143,7,2,0.28571,1,0,0,0.60123,0.2956,175,1493,0.53504,0.65487,0.4053,0.53883,104,0.09848,0.63804,0.12121,0.78528,0.8125,0.77914,0.48819,338,1437,0.34673,0.53631,0.41262,0.01748,0.11321,0.73585,0.40171
Ankita Raina,IND,Hard,5,253,1473,227,1,4,0.2,0,0.46467,0.4322,0.30769,3,1,0.33333,1,0,0,0.44068,0.42373,347,1419,0.71654,0.48718,0.48148,0.48556,2,0.00525,0.0339,0.021,0.13559,0.25,1.11864,0.5,203,1496,0.38,0.52258,0.44225,0.06761,0.40678,0.72881,0.5814
Arina Rodionova,AUS,Hard,7,261,1464,235,4,3,0.57143,0,0.47665,0.43709,0.52941,3,2,0.66667,2,2,1,0.57895,0.29333,299,1445,0.63636,0.6113,0.4186,0.54123,9,0.01903,0.11842,0.04651,0.28947,0.40909,0.77632,0.45763,313,1449,0.31487,0.59434,0.42162,0.03423,0.25333,0.93333,0.31429
Valeria Savinykh,RUS,Hard,7,269,1454,210,3,4,0.42857,0,0.47749,0.43373,0.44444,4,2,0.5,1,1,1,0.57831,0.28916,180,1490,0.61967,0.6018,0.43415,0.53803,12,0.02226,0.14458,0.05195,0.33735,0.42857,0.83133,0.49275,343,1436,0.3783,0.48387,0.41556,0.05313,0.33735,0.83133,0.34783
Jessika Ponchet,FRA,Hard,6,295,1409,242,1,5,0.16667,0,0.47492,0.46377,0.28571,2,0,0,2,0,0,0.66667,0.26087,84,1543,0.60377,0.64931,0.43386,0.56394,22,0.04612,0.31884,0.02725,0.18841,1.69231,0.7971,0.58182,391,1383,0.29008,0.51266,0.37381,0.05238,0.31884,0.57971,0.45
